11,Esther,Damien,Charles,10,Contoso,Male,tfqttame10@example.com,Esther Damien Charles,1991-04-13,Bradford,US
312,Herbert,Pedro,Kaiser,311,Contoso,Others,buxnr.gudk@example.com,Herbert Pedro Kaiser,1991-01-22,Oldham,US
402,Jennifer,NULL,Parks,401,Contoso,Male,unbfz.irwmp@example.com,Jennifer Parks,1992-04-21,Bolton,US
482,Jeanne,NULL,Serrano,481,Contoso,Male,zyebxdj.jhwbkjesp@example.com,Jeanne Serrano,1990-03-02,Sutton Coldfield,US
710,Donna,NULL,Salazar,709,Contoso,Male,ahxvm18@example.com,Donna Salazar,1985-10-13,Kingston upon Hull,US
935,Donovan,NULL,Campos,934,Contoso,Others,yrfmqa@example.com,Donovan Campos,1985-12-14,Bradford,US
97,Scott,NULL,Dawson,1096,Contoso,Others,bqdi.jvngy@example.com,Scott Dawson,1981-04-25,Brighton,US
581,Sandy,NULL,Mc Neil,1580,Contoso,Others,vygyezex264@example.com,Sandy Mc Neil,1983-07-26,Watford,US
906,Albert,Riley,Donaldson,1905,Contoso,Male,nouxnqhp4@example.com,Albert Riley Donaldson,1992-07-07,Preston,US
221,Roberto,Phillip,Patel,2220,Contoso,Others,hctqbny.czsxbynqd@example.com,Roberto Phillip Patel,1983-08-06,Brighton,US
304,Loren,Kirk,Odom,2303,Contoso,Others,gccavspc.jnzges@example.com,Loren Kirk Odom,1958-10-02,Manchester,US
688,Amelia,Che,Hardin,2687,Contoso,Others,wwazw.wdyyjetnre@example.com,Amelia Che Hardin,1999-11-22,Cambridge,US
740,Leonard,Greg,Chung,2739,Contoso,Male,ndthn.iwczrb@example.com,Leonard Greg Chung,1981-06-24,Nottingham,US
64,Brandon,NULL,Ramos,3063,Contoso,Others,ahrbttmk0@example.com,Brandon Ramos,1964-06-10,York,US
346,BroCronus International,Mario,Chang,3345,Contoso,Others,wtxsx.opwmnkhvsy@example.com,BroCronus International Mario Chang,1995-03-29,Telford,US
492,Donna,Alexis,Small,3491,Contoso,Male,jowvf40@example.com,Donna Alexis Small,1986-12-10,Telford,US
775,Marshall,NULL,Stuart,3774,Contoso,Others,eatqqw@example.com,Marshall Stuart,1983-03-05,Reading,US
839,Kareem,Terrill,Thompson,3838,Contoso,Others,pllhxmeg@example.com,Kareem Terrill Thompson,1962-02-28,Leicester,US
576,Tony,NULL,Hess,4575,Contoso,Male,jahqbijj.nekvhwsld@example.com,Tony Hess,1995-05-04,Exeter,US
738,Bradley,Douglas,Serrano,4737,Contoso,Others,izlijs.jgkx@example.com,Bradley Douglas Serrano,1999-09-26,Brighton,US
809,Derek,NULL,Nielsen,4808,Contoso,Others,oyvhdjn3@example.com,Derek Nielsen,1953-12-31,Dudley,US
831,Darren,NULL,EriCronus Internationalson,4830,Contoso,Others,secjfwf.zueudaqv@example.com,Darren EriCronus Internationalson,1994-03-23,Colchester,US
278,Bobbie,KendriCronus International,Thornton,5277,Contoso,Male,sybwy606@example.com,Bobbie KendriCronus International Thornton,1999-04-04,Middlesbrough,US
341,Dennis,Glenn,Villegas,5340,Contoso,Others,zojsut232@example.com,Dennis Glenn Villegas,1989-08-24,Middlesbrough,US
558,Jimmy,NULL,Mitchell,5557,Contoso,Others,ugbr@example.com,Jimmy Mitchell,1999-04-09,Preston,US
659,Dustin,Gordon,Key,5658,Contoso,Male,gkmcrzz.griq@example.com,Dustin Gordon Key,1952-05-11,Slough,US
709,Cari,Elliot,Wiggins,5708,Contoso,Male,cmfbeoxr.pdgkiw@example.com,Cari Elliot Wiggins,1952-04-05,Newcastle upon Tyne,US
814,Miranda,NULL,Graham,5813,Contoso,Male,malf@example.com,Miranda Graham,1959-09-12,Telford,US
132,Hannah,Dion,Rivera,6131,Contoso,Male,lstunzb6@example.com,Hannah Dion Rivera,1984-06-24,NULL,US
223,Erica,NULL,Mora,6222,Contoso,Male,vfdtlwq@example.com,Erica Mora,1997-11-28,Bristol,US
323,Shannon,NULL,Mc Intyre,6322,Contoso,Male,hxvmhf11@example.com,Shannon Mc Intyre,1999-08-17,Sunderland,US
588,Tonia,NULL,BlaCronus Internationalwell,6587,Contoso,Male,glzydc4@example.com,Tonia BlaCronus Internationalwell,1999-11-19,Northampton,US
730,Ann,NULL,Davis,6729,Contoso,Female,clnufzo21@example.com,Ann Davis,1993-02-20,Sunderland,US
784,Ray,Maria,HiCronus Internationals,6783,Contoso,Others,euskfqmd.qmbvhmt@example.com,Ray Maria HiCronus Internationals,1955-11-25,Walsall,US
140,Mia,Korey,Love,7139,Contoso,Male,wjtyxat9@example.com,Mia Korey Love,1981-08-24,Cambridge,US
241,Maurice,German,HiCronus Internationalman,7240,Contoso,Male,ogxqk4@example.com,Maurice German HiCronus Internationalman,1993-05-30,Bolton,US
311,Roy,Torrance,Foley,7310,Contoso,Others,agxizbn.auykibfsh@example.com,Roy Torrance Foley,1995-05-25,Preston,US
977,Felicia,Conrad,Barnes,7976,Contoso,Others,exrxxltr.nnrqzzoga@example.com,Felicia Conrad Barnes,1994-08-08,Nottingham,US
2,Jami,NULL,Watts,8001,Contoso,Female,ajwt.bwxpg@example.com,Jami Watts,1989-11-01,Kingston upon Hull,US
18,Paula,Cyrus,Bolton,8017,Contoso,Others,jlmqbomm85@example.com,Paula Cyrus Bolton,1998-07-29,Oldham,US
233,Holly,NULL,Roman,8232,Contoso,Female,mqlfv.ynbd@example.com,Holly Roman,1997-12-18,Luton,US
42,Dwight,Buddy,Sims,9041,Contoso,Female,wldcyrby.dmrwhvcxb@example.com,Dwight Buddy Sims,1981-09-04,Colchester,US
217,Emma,NULL,Gamble,9216,Contoso,Male,xreg.sasbky@example.com,Emma Gamble,1991-02-14,Liverpool,US
236,Angelique,Aubrey,Meadows,9235,Contoso,Others,gousuqop.xwovpia@example.com,Angelique Aubrey Meadows,1993-01-08,Bristol,US
313,Vernon,NULL,David,9312,Contoso,Others,ngayxmyo@example.com,Vernon David,1998-11-24,Brighton,US
431,Dianna,NULL,Petty,9430,Contoso,Others,fhgagkor25@example.com,Dianna Petty,1989-03-28,Slough,US
507,William,Arnoldo,Mc Neil,9506,Contoso,Others,oakaaxt.msvgypoa@example.com,William Arnoldo Mc Neil,1987-01-12,Oxford,US
829,Nikki,NULL,Williamson,9828,Contoso,Male,awiio25@example.com,Nikki Williamson,1955-07-16,Manchester,US
899,Joel,Terrell,Stephens,9898,Contoso,Male,ydnqli@example.com,Joel Terrell Stephens,1960-01-21,Oldham,US
949,Sonja,Rahsaan,Snow,9948,Contoso,Others,dsyczj749@example.com,Sonja Rahsaan Snow,1957-01-17,Sunderland,US
