233,Holly,NULL,Roman,232,Contoso,Female,mqlfv.ynbd@example.com,Holly Roman,1997-12-18,Luton,US
349,Shana,NULL,Haynes,348,Contoso,Others,ssnct81@example.com,Shana Haynes,1954-02-26,BlaCronus Internationalpool,US
666,Clifford,NULL,Kidd,665,Contoso,Others,tjjjbqu.xtbfzytr@example.com,Clifford Kidd,1981-04-13,Gloucester,US
680,Kendall,Stacy,Lucero,679,Contoso,Female,sjui.ztqmrwmac@example.com,Kendall Stacy Lucero,1985-04-03,Gloucester,US
86,Jamal,NULL,Yates,1085,Contoso,Others,bjyt.didkneqj@example.com,Jamal Yates,1994-01-19,Walsall,US
319,Wallace,Jimmy,West,1318,Contoso,Others,lkzizg773@example.com,Wallace Jimmy West,1950-04-07,Coventry,US
478,Ann,NULL,Andrews,1477,Contoso,Male,qxfxnyq070@example.com,Ann Andrews,1997-03-18,Kingston upon Hull,US
688,Amelia,Che,Hardin,1687,Contoso,Others,wwazw.wdyyjetnre@example.com,Amelia Che Hardin,1999-11-22,Cambridge,US
794,Alfred,Jed,Singh,1793,Contoso,Others,kwyg.kbfnnn@example.com,Alfred Jed Singh,1956-02-18,Plymouth,US
938,Johnathan,NULL,Beard,1937,Contoso,Others,uifhpxex.hqklayjk@example.com,Johnathan Beard,1999-07-12,Colchester,US
85,Rachael,Santos,Heath,2084,Contoso,Others,uscpvzru586@example.com,Rachael Santos Heath,1981-04-23,West Bromwich,US
183,David,NULL,Nicholson,2182,Contoso,Male,zmgli5@example.com,David Nicholson,1999-02-18,Huddersfield,US
227,Efrain,NULL,Santana,2226,Contoso,Male,lvqw30@example.com,Efrain Santana,1981-07-27,Milton Keynes,US
275,Bryce,Bobbie,Hurley,2274,Contoso,Others,fcrx@example.com,Bryce Bobbie Hurley,1993-05-22,Swindon,US
355,Maureen,Elbert,Morris,2354,Contoso,Others,rlrxjoa@example.com,Maureen Elbert Morris,1991-12-27,Southampton,US
780,Bryon,Quincy,Santana,2779,Contoso,Others,lyoatiu2@example.com,Bryon Quincy Santana,1983-12-29,Leicester,US
307,Jacob,Emanuel,Garner,3306,Contoso,Others,vlpnz3@example.com,Jacob Emanuel Garner,1981-12-30,Liverpool,US
852,Hope,Leif,Choi,3851,Contoso,Others,ehab.cvxpeocea@example.com,Hope Leif Choi,1994-06-11,Sutton Coldfield,US
113,Shad,NULL,Burns,4112,Contoso,Others,evfmoui.qorteilik@example.com,Shad Burns,1998-01-17,St Helens,US
123,Ricardo,NULL,Arnold,4122,Contoso,Male,szfgyml.uqqriuvi@example.com,Ricardo Arnold,1998-02-28,Bournemouth,US
200,Gabrielle,NULL,Frazier,4199,Contoso,Male,rljmegg348@example.com,Gabrielle Frazier,1992-09-15,Telford,US
387,Kate,Bert,Villegas,4386,Contoso,Others,uqhc51@example.com,Kate Bert Villegas,1982-01-27,Slough,US
458,Chrystal,Ian,Braun,4457,Contoso,Others,owyu.matixsyqt@example.com,Chrystal Ian Braun,1997-09-15,Sunderland,US
495,Francisco,NULL,Pace,4494,Contoso,Others,tvvmnj.kjgrphbwf@example.com,Francisco Pace,1989-11-07,Sheffield,US
777,Adrian,NULL,Andrade,4776,Contoso,Male,jqfj.lxjref@example.com,Adrian Andrade,1982-02-02,Bradford,US
805,Jaime,NULL,Webb,4804,Contoso,Others,jarvod224@example.com,Jaime Webb,1985-08-03,Northampton,US
862,Julius,Glenn,Wyatt,4861,Contoso,Others,cgkoizmy@example.com,Julius Glenn Wyatt,1995-11-17,Kingston upon Hull,US
137,Lorraine,Dean,Barron,5136,Contoso,Male,yval977@example.com,Lorraine Dean Barron,1994-02-06,Stoke-on-Trent,US
201,Tammi,Dusty,Petty,5200,Contoso,Others,mvbxly9@example.com,Tammi Dusty Petty,1983-10-18,Ipswich,US
273,Kelli,Laurence,Ross,5272,Contoso,Male,fkkogyh.pfnwyb@example.com,Kelli Laurence Ross,1999-11-03,Wolverhampton,US
354,Randal,NULL,Best,5353,Contoso,Male,dttdsmh.kpvkcsq@example.com,Randal Best,1956-10-24,Preston,US
432,Devon,NULL,Hernandez,5431,Contoso,Male,hlgql.jobccpjqpz@example.com,Devon Hernandez,1990-06-04,NULL,US
826,Jill,Norman,Campos,5825,Contoso,Others,dyyzzt.tzch@example.com,Jill Norman Campos,1989-12-13,Bolton,US
897,Alice,NULL,Sandoval,5896,Contoso,Others,yhrngw26@example.com,Alice Sandoval,1989-08-21,Luton,US
8,Alan,NULL,Faulkner,6007,Contoso,Male,mrjj.pjint@example.com,Alan Faulkner,1998-05-04,Sunderland,US
203,Frankie,NULL,MCronus Internationalenzie,6202,Contoso,Male,yqsl.qujzoqyg@example.com,Frankie MCronus Internationalenzie,1999-02-03,Nottingham,US
536,Donnie,NULL,MCronus Internationalenzie,6535,Contoso,Others,uhfzaxl.ngbt@example.com,Donnie MCronus Internationalenzie,1984-04-29,Nottingham,US
648,Brandy,NULL,Fletcher,6647,Contoso,Others,rxygsas.lvobyf@example.com,Brandy Fletcher,1999-08-31,Peterborough,US
330,Wallace,Lars,Hooper,7329,Contoso,Others,heofoq.tmztdyct@example.com,Wallace Lars Hooper,1992-04-27,York,US
384,Curtis,NULL,Sandoval,7383,Contoso,Male,hsbfu378@example.com,Curtis Sandoval,1960-10-23,BlaCronus Internationalburn,US
93,Ivan,Kelvin,Marks,8092,Contoso,Male,zksdhiv.itunuputzk@example.com,Ivan Kelvin Marks,1999-04-13,Reading,US
108,Audrey,Ezra,Gallagher,8107,Contoso,Male,lphzxn9@example.com,Audrey Ezra Gallagher,1997-01-30,Colchester,US
280,Marilyn,NULL,Berry,8279,Contoso,Others,bshgpeb97@example.com,Marilyn Berry,1990-07-31,Northampton,US
425,Ian,Joey,Perry,8424,Contoso,Others,qanfrv.aoenqz@example.com,Ian Joey Perry,1995-12-03,Wolverhampton,US
764,Iris,NULL,Melton,8763,Contoso,Male,vorefcem.gkvtykv@example.com,Iris Melton,1951-03-24,Sutton Coldfield,US
948,Maurice,Benjiman,Owen,8947,Contoso,Female,afwkgle388@example.com,Maurice Benjiman Owen,1999-03-21,Brighton,US
257,Marlon,NULL,Watts,9256,Contoso,Male,jknlo@example.com,Marlon Watts,1985-11-01,Poole,US
569,Yvette,Paris,Bauer,9568,Contoso,Others,riezi.smzqggw@example.com,Yvette Paris Bauer,1953-05-03,Sutton Coldfield,US
657,Franklin,Kraig,Winters,9656,Contoso,Male,wtmt765@example.com,Franklin Kraig Winters,1992-05-26,West Bromwich,US
824,Clint,NULL,Yang,9823,Contoso,Male,qndrj5@example.com,Clint Yang,1954-05-16,Stoke-on-Trent,US
