205,Shari,NULL,Reese,204,Contoso,Male,ugcfoaj4@example.com,Shari Reese,1995-07-13,Telford,US
238,Candice,Arnulfo,Thompson,237,Contoso,Male,mjmlfji.roklgw@example.com,Candice Arnulfo Thompson,1999-09-23,Plymouth,US
353,Kenny,Nelson,Lane,352,Contoso,Male,vyptwymz1@example.com,Kenny Nelson Lane,2000-01-02,Oxford,US
411,Katina,NULL,Joyce,410,Contoso,Others,jevuthp55@example.com,Katina Joyce,1982-04-25,Luton,US
658,JaCronus International,Delbert,Chen,657,Contoso,Others,ktqozm.blfnnzs@example.com,JaCronus International Delbert Chen,1998-01-24,Eastbourne,US
763,Shawn,Demetrius,Martin,762,Contoso,Male,fiybh.zkxdkv@example.com,Shawn Demetrius Martin,1999-08-29,Luton,US
766,Ramiro,NULL,Mercado,1765,Contoso,Others,whvgam4@example.com,Ramiro Mercado,1981-01-15,Huddersfield,US
888,Eli,NULL,Ross,1887,Contoso,Others,epkysamg88@example.com,Eli Ross,1998-11-23,Bolton,US
81,Keri,NULL,Shaffer,2080,Contoso,Others,biyi953@example.com,Keri Shaffer,1981-05-30,West Bromwich,US
240,Daphne,Bronson,Callahan,2239,Contoso,Male,zztgba.mldzndtp@example.com,Daphne Bronson Callahan,1988-11-03,Reading,US
241,Maurice,German,HiCronus Internationalman,2240,Contoso,Male,ogxqk4@example.com,Maurice German HiCronus Internationalman,1993-05-30,Bolton,US
287,Christine,Gonzalo,Holt,2286,Contoso,Male,maptxd.imby@example.com,Christine Gonzalo Holt,1986-08-14,Huddersfield,US
643,Andrea,Jessie,Melton,2642,Contoso,Others,dbukyu617@example.com,Andrea Jessie Melton,1997-02-03,Sunderland,US
701,Ruben,NULL,Horton,2700,Contoso,Male,iminun.wtmqpp@example.com,Ruben Horton,1993-10-29,Bournemouth,US
815,Terence,Russel,Paul,2814,Contoso,Male,czcluoi.bmzvqu@example.com,Terence Russel Paul,1981-10-14,St Helens,US
68,Ralph,NULL,Curtis,3067,Contoso,Others,hgfwfxb@example.com,Ralph Curtis,1998-12-26,Stoke-on-Trent,US
188,Lori,NULL,Navarro,3187,Contoso,Male,nvbnefo.wyng@example.com,Lori Navarro,1999-04-01,Reading,US
365,Luke,Kenton,Pham,3364,Contoso,Others,hxop1@example.com,Luke Kenton Pham,1994-04-20,Nottingham,US
467,Marjorie,Rashad,Barnett,3466,Contoso,Others,ivtkh.ydta@example.com,Marjorie Rashad Barnett,1988-09-17,Slough,US
537,Faith,NULL,Baldwin,3536,Contoso,Male,wirgeh.unycdplidk@example.com,Faith Baldwin,1981-01-22,Slough,US
674,Sherrie,Leopoldo,Finley,3673,Contoso,Others,mrtwmy67@example.com,Sherrie Leopoldo Finley,1963-05-11,Sunderland,US
749,Molly,NULL,Cross,3748,Contoso,Others,fvte.rtli@example.com,Molly Cross,1960-07-28,Liverpool,US
52,Adriana,NULL,Kirby,4051,Contoso,Others,pyrptyw1@example.com,Adriana Kirby,1990-06-11,Newcastle upon Tyne,US
299,Kristian,NULL,French,4298,Contoso,Others,blap.pgxqnxgl@example.com,Kristian French,1957-10-03,Poole,US
525,Rose,Darin,Williams,4524,Contoso,Male,gariakf@example.com,Rose Darin Williams,1984-11-29,Gloucester,US
677,Natalie,NULL,Reed,4676,Contoso,Male,gaaqfa8@example.com,Natalie Reed,1989-11-08,Leeds,US
894,Zachary,Bradford,Combs,4893,Contoso,Others,kpjpazi572@example.com,Zachary Bradford Combs,1954-02-21,Ipswich,US
48,Rosemary,NULL,Larsen,5047,Contoso,Male,hmmctc@example.com,Rosemary Larsen,1997-06-09,Oxford,US
198,Miguel,Irving,Hahn,5197,Contoso,Male,fybnzlxm.gdwgv@example.com,Miguel Irving Hahn,1998-10-21,BlaCronus Internationalpool,US
413,Marilyn,Gustavo,O'Connell,5412,Contoso,Male,welg.igcofi@example.com,Marilyn Gustavo O'Connell,1998-04-27,Kingston upon Hull,US
592,Lora,NULL,Blevins,5591,Contoso,Others,tqhsebt50@example.com,Lora Blevins,1981-07-05,Northampton,US
726,Christina,NULL,Pittman,5725,Contoso,Male,wwusgbyj@example.com,Christina Pittman,1984-03-12,Bradford,US
902,Troy,NULL,Cobb,5901,Contoso,Others,hdgn467@example.com,Troy Cobb,1993-11-30,York,US
51,Irma,NULL,Rose,6050,Contoso,Others,djobdw@example.com,Irma Rose,1984-07-15,Southampton,US
60,Louis,Pete,Trujillo,6059,Contoso,Others,kcvmlvc.guboip@example.com,Louis Pete Trujillo,1988-07-24,Slough,US
76,Gloria,Tory,Zuniga,6075,Contoso,Male,uvpcbomp@example.com,Gloria Tory Zuniga,1992-04-28,Brighton,US
227,Efrain,NULL,Santana,6226,Contoso,Male,lvqw30@example.com,Efrain Santana,1981-07-27,Milton Keynes,US
248,Natalie,NULL,Coleman,6247,Contoso,Others,wpskmc.fynvyt@example.com,Natalie Coleman,1997-09-28,Middlesbrough,US
269,Natalie,Erik,Richmond,6268,Contoso,Male,bqtcyuc92@example.com,Natalie Erik Richmond,1960-08-13,Cambridge,US
545,Jesus,ChadwiCronus International,NULL,6544,Contoso,Male,nxlj60@example.com,Jesus ChadwiCronus International NULL,1991-10-27,BlaCronus Internationalpool,US
702,Joanna,NULL,Mitchell,6701,Contoso,Male,kuqfbrh.kpcg@example.com,Joanna Mitchell,1994-09-11,Sutton Coldfield,US
946,Carmen,NULL,Stephens,6945,Contoso,Male,jpgrban.dpobjomvg@example.com,Carmen Stephens,1989-09-14,Bolton,US
305,Nancy,NULL,Chung,7304,Contoso,Others,bnyy.hahrqopao@example.com,Nancy Chung,1992-11-23,Norwich,US
354,Randal,NULL,Best,7353,Contoso,Male,dttdsmh.kpvkcsq@example.com,Randal Best,1956-10-24,Preston,US
474,Whitney,Rodger,Stephenson,7473,Contoso,Others,onbe0@example.com,Whitney Rodger Stephenson,1960-05-30,Kingston upon Hull,US
533,Jayson,Ashley,Guerra,7532,Contoso,Male,cchiaeh74@example.com,Jayson Ashley Guerra,1999-01-15,Rotherham,US
582,Ivan,NULL,Trujillo,7581,Contoso,Others,rhzk@example.com,Ivan Trujillo,1982-09-18,Walsall,US
785,Melody,NULL,Schultz,7784,Contoso,Male,hgis831@example.com,Melody Schultz,1990-04-18,Bristol,US
846,Melvin,Myles,Montgomery,7845,Contoso,Male,wqlnhf.zwtzphnqb@example.com,Melvin Myles Montgomery,1981-02-12,Swindon,US
948,Maurice,Benjiman,Owen,7947,Contoso,Female,afwkgle388@example.com,Maurice Benjiman Owen,1999-03-21,Brighton,US
585,Stuart,Donovan,Leblanc,8584,Contoso,Male,cmergvs@example.com,Stuart Donovan Leblanc,1990-11-01,Cambridge,US
692,Rafael,NULL,George,8691,Contoso,Others,mwadoma@example.com,Rafael George,1995-05-03,Bradford,US
805,Jaime,NULL,Webb,8804,Contoso,Others,jarvod224@example.com,Jaime Webb,1985-08-03,Northampton,US
970,Christi,NULL,Carter,8969,Contoso,Male,uqtv10@example.com,Christi Carter,1986-10-10,Eastbourne,US
107,Marisa,Tyson,Martin,9106,Contoso,Male,nsvinh1@example.com,Marisa Tyson Martin,1981-01-06,Sutton Coldfield,US
307,Jacob,Emanuel,Garner,9306,Contoso,Others,vlpnz3@example.com,Jacob Emanuel Garner,1981-12-30,Liverpool,US
635,MiCronus Internationaley,NULL,Savage,9634,Contoso,Male,apwjuw6@example.com,MiCronus Internationaley Savage,1987-06-20,Bournemouth,US
922,Claire,BroderiCronus International,Greer,9921,Contoso,Male,mzbqimej758@example.com,Claire BroderiCronus International Greer,1995-01-08,Oxford,US
