15,Carolyn,NULL,Rowland,14,Contoso,Male,uvxcae1@example.com,Carolyn Rowland,1993-03-05,Oxford,US
113,Shad,NULL,Burns,112,Contoso,Others,evfmoui.qorteilik@example.com,Shad Burns,1998-01-17,St Helens,US
134,Charity,NULL,Wong,133,Contoso,Male,ueyy.yyqziw@example.com,Charity Wong,1962-11-23,West Bromwich,US
484,Lorraine,NULL,Clements,483,Contoso,Male,iisdtnn2@example.com,Lorraine Clements,1959-08-17,Bristol,US
693,Lesley,NULL,Ritter,692,Contoso,Others,mwjp.yzmxerdrz@example.com,Lesley Ritter,1997-06-27,Bristol,US
869,Marianne,Clinton,Trevino,868,Contoso,Others,ndrojlz581@example.com,Marianne Clinton Trevino,1956-10-24,Exeter,US
879,Noah,Fidel,O'Neal,878,Contoso,Others,mlobyk695@example.com,Noah Fidel O'Neal,1958-07-15,West Bromwich,US
929,Candy,NULL,Schmidt,928,Contoso,Male,utzflq@example.com,Candy Schmidt,1958-04-30,StoCronus Internationalport,US
83,Katherine,Curt,Mccarty,1082,Contoso,Male,prjkg.hthesztlaf@example.com,Katherine Curt Mccarty,1999-12-19,Middlesbrough,US
338,Marianne,Kristin,James,1337,Contoso,Male,dicas30@example.com,Marianne Kristin James,1997-01-14,Leeds,US
526,Leticia,NULL,Goodwin,1525,Contoso,Female,vjsysp.jzkzz@example.com,Leticia Goodwin,1990-04-20,Leeds,US
976,Virgil,NULL,Gilbert,1975,Contoso,Male,lnmon569@example.com,Virgil Gilbert,1991-01-11,BlaCronus Internationalburn,US
467,Marjorie,Rashad,Barnett,2466,Contoso,Others,ivtkh.ydta@example.com,Marjorie Rashad Barnett,1988-09-17,Slough,US
631,Leigh,Robbie,Hogan,2630,Contoso,Others,exrxyjkf40@example.com,Leigh Robbie Hogan,1993-12-11,Luton,US
794,Alfred,Jed,Singh,2793,Contoso,Others,kwyg.kbfnnn@example.com,Alfred Jed Singh,1956-02-18,Plymouth,US
835,Marlon,Donte,Wise,2834,Contoso,Male,lfdbk@example.com,Marlon Donte Wise,1986-01-02,Gloucester,US
247,Randi,NULL,Morrow,3246,Contoso,Others,xmmhhfhg.ubvcu@example.com,Randi Morrow,1986-02-24,Colchester,US
489,Levi,Leif,Campos,3488,Contoso,Others,ygroaq.jauoczkrxo@example.com,Levi Leif Campos,1957-03-08,Crawley,US
494,Julian,NULL,Price,3493,Contoso,Male,kfnj4@example.com,Julian Price,1954-12-26,Norwich,US
607,Quincy,NULL,Watkins,3606,Contoso,Male,tzzpu171@example.com,Quincy Watkins,1987-10-09,Bournemouth,US
675,Jared,Ruben,Morrison,3674,Contoso,Male,upwyjsw384@example.com,Jared Ruben Morrison,1993-12-16,Kingston upon Hull,US
748,Joan,NULL,Mccann,3747,Contoso,Male,vyow42@example.com,Joan Mccann,1999-09-25,Bristol,US
769,Garry,NULL,Barton,3768,Contoso,Others,jihf.khvz@example.com,Garry Barton,1963-12-27,York,US
792,Erica,NULL,Zamora,3791,Contoso,Others,fhhts.ebodey@example.com,Erica Zamora,1991-01-22,Brighton,US
856,Joe,NULL,NULL,3855,Contoso,Male,pvwy.yqrzb@example.com,Joe NULL,1982-02-12,Norwich,US
883,Calvin,Efren,Charles,3882,Contoso,Others,xchkx@example.com,Calvin Efren Charles,2000-01-05,Bradford,US
370,Allan,David,Watson,4369,Contoso,Others,ytlyxp01@example.com,Allan David Watson,1991-05-15,Oxford,US
642,Ramiro,Ron,Prince,4641,Contoso,Male,ovibghi8@example.com,Ramiro Ron Prince,1994-01-18,Brighton,US
131,Walter,Jasen,Frye,5130,Contoso,Male,nnhwecc.fewipwz@example.com,Walter Jasen Frye,1987-01-16,Bolton,US
492,Donna,Alexis,Small,5491,Contoso,Male,jowvf40@example.com,Donna Alexis Small,1986-12-10,Telford,US
587,Leonardo,Jefferson,Cherry,5586,Contoso,Others,ceqkcg8@example.com,Leonardo Jefferson Cherry,1987-02-16,Oldham,US
811,Robbie,NULL,Coffey,5810,Contoso,Male,vwuqjc.whtqnjx@example.com,Robbie Coffey,1981-12-07,BlaCronus Internationalpool,US
854,Gena,Jamel,Conner,5853,Contoso,Others,ommsdycw0@example.com,Gena Jamel Conner,1953-02-25,Rotherham,US
168,Nina,NULL,Mccann,6167,Contoso,Male,mdfj.yxkkjg@example.com,Nina Mccann,1997-02-27,Coventry,US
202,Anthony,Stanley,Hughes,6201,Contoso,Others,jksre.Cronus Internationalqzmlxj@example.com,Anthony Stanley Hughes,1991-12-05,Portsmouth,US
365,Luke,Kenton,Pham,6364,Contoso,Others,hxop1@example.com,Luke Kenton Pham,1994-04-20,Nottingham,US
396,Edward,NULL,Middleton,6395,Contoso,Female,btkig.jkastamj@example.com,Edward Middleton,1987-06-22,Ipswich,US
506,Tyler,NULL,Bryant,6505,Contoso,Male,tqdh@example.com,Tyler Bryant,1991-12-09,StoCronus Internationalport,US
52,Adriana,NULL,Kirby,7051,Contoso,Others,pyrptyw1@example.com,Adriana Kirby,1990-06-11,Newcastle upon Tyne,US
251,Claude,Forest,Moyer,7250,Contoso,Others,ovxtcis74@example.com,Claude Forest Moyer,1982-07-21,Southampton,US
398,Bryce,Dave,NULL,7397,Contoso,Others,yvaufx7@example.com,Bryce Dave NULL,1997-12-19,Milton Keynes,US
590,Todd,Edgardo,Kerr,7589,Contoso,Male,ozkam88@example.com,Todd Edgardo Kerr,1985-05-04,Portsmouth,US
605,Bryon,NULL,Fleming,7604,Contoso,Others,phlu05@example.com,Bryon Fleming,1995-08-01,Liverpool,US
106,Wayne,NULL,Fisher,8105,Contoso,Male,xozl.tyiysiwurr@example.com,Wayne Fisher,1981-09-19,Sunderland,US
179,Lillian,NULL,Gibbs,8178,Contoso,Others,doebatc@example.com,Lillian Gibbs,1960-02-04,Preston,US
454,Quentin,Burton,Bradshaw,8453,Contoso,Others,zxqnrvzb@example.com,Quentin Burton Bradshaw,1957-03-19,Rotherham,US
531,Katrina,Tommie,Chaney,8530,Contoso,Male,wnsltonp.jhrvmm@example.com,Katrina Tommie Chaney,1994-05-10,Bournemouth,US
543,Sheryl,NULL,Barry,8542,Contoso,Male,jpjavzyw.sokufq@example.com,Sheryl Barry,1999-03-21,Gloucester,US
756,Matthew,Domingo,Bass,8755,Contoso,Male,jdvl733@example.com,Matthew Domingo Bass,1991-01-03,Gloucester,US
106,Wayne,NULL,Fisher,9105,Contoso,Male,xozl.tyiysiwurr@example.com,Wayne Fisher,1981-09-19,Sunderland,US
798,Rogelio,Norris,Clarke,9797,Contoso,Male,csleqoy.eiousqb@example.com,Rogelio Norris Clarke,1997-08-27,Middlesbrough,US
