290,Harold,Chance,Pittman,289,Contoso,Male,agdrjwhk657@example.com,Harold Chance Pittman,1990-02-01,Sheffield,US
721,Tom,Johnnie,Meza,720,Contoso,Others,zqxl.uadljccm@example.com,Tom Johnnie Meza,1986-04-07,Oldham,US
898,EriCronus Internationala,Silas,Murray,897,Contoso,Others,rovxacer.lulftprpz@example.com,EriCronus Internationala Silas Murray,1999-04-14,Leicester,US
344,Arturo,NULL,Charles,1343,Contoso,Others,ryebddkw874@example.com,Arturo Charles,1962-08-24,Birmingham,US
573,DarriCronus International,NULL,Gonzales,1572,Contoso,Male,exxq611@example.com,DarriCronus International Gonzales,1999-06-22,Stoke-on-Trent,US
858,Alana,NULL,Galvan,1857,Contoso,Male,tpimym.iryq@example.com,Alana Galvan,1997-12-29,NULL,US
990,Alvin,Kris,Santana,1989,Contoso,Others,tlmfs.ywmenxwqd@example.com,Alvin Kris Santana,1995-08-22,Birmingham,US
998,Tim,NULL,Ritter,1997,Contoso,Others,slnlaz.talatoi@example.com,Tim Ritter,1998-01-22,Plymouth,US
1,Ginger,Alfred,Huang,2000,Contoso,Others,ulrbx2@example.com,Ginger Alfred Huang,1985-05-01,Sutton Coldfield,US
100,Nathan,Casey,Yates,2099,Contoso,Others,rkguhoun.tfzkdmgad@example.com,Nathan Casey Yates,1990-05-21,Plymouth,US
263,Raymond,Chauncey,Tanner,2262,Contoso,Male,igrkbj.qdticmbe@example.com,Raymond Chauncey Tanner,1999-05-10,Eastbourne,US
459,Milton,Ashley,Farmer,2458,Contoso,Male,isrol@example.com,Milton Ashley Farmer,1963-01-25,Leicester,US
551,Randolph,NULL,Stout,2550,Contoso,Male,njhnw@example.com,Randolph Stout,1987-11-15,Middlesbrough,US
841,Kenya,Hugo,Small,2840,Contoso,Others,yoywnxj@example.com,Kenya Hugo Small,1993-09-07,Coventry,US
947,Lakeisha,NULL,Fuller,2946,Contoso,Male,rigd05@example.com,Lakeisha Fuller,1988-08-12,Telford,US
211,Nakia,NULL,French,3210,Contoso,Others,vqtxzv909@example.com,Nakia French,1984-06-11,Northampton,US
477,Sonja,NULL,Acevedo,3476,Contoso,Others,cqrmix.srqvedkd@example.com,Sonja Acevedo,1981-12-08,Sunderland,US
536,Donnie,NULL,MCronus Internationalenzie,3535,Contoso,Others,uhfzaxl.ngbt@example.com,Donnie MCronus Internationalenzie,1984-04-29,Nottingham,US
751,Norma,Joel,Herman,3750,Contoso,Others,permjgp.psmc@example.com,Norma Joel Herman,1987-09-10,Northampton,US
548,Cherie,Nathaniel,Harrell,4547,Contoso,Others,djlzd042@example.com,Cherie Nathaniel Harrell,1998-03-31,Derby,US
824,Clint,NULL,Yang,4823,Contoso,Male,qndrj5@example.com,Clint Yang,1954-05-16,Stoke-on-Trent,US
930,Lucas,NULL,Petersen,4929,Contoso,Female,fmpmz24@example.com,Lucas Petersen,1990-06-21,Bradford,US
563,Joyce,Vincenzo,Oliver,5562,Contoso,Others,alec.ltmpxncwv@example.com,Joyce Vincenzo Oliver,1998-06-13,Newcastle upon Tyne,US
729,Joshua,Laurence,Yang,5728,Contoso,Male,pbrql.iosyfgogq@example.com,Joshua Laurence Yang,1957-03-25,Plymouth,US
807,Clifford,Coy,Fernandez,5806,Contoso,Others,lgeett.dzokz@example.com,Clifford Coy Fernandez,1985-04-25,Luton,US
20,Lara,NULL,Myers,6019,Contoso,Male,siwof.ntwbgkcjfy@example.com,Lara Myers,1984-04-08,Preston,US
61,Rex,Juan,Mosley,6060,Contoso,Male,tjqbog.lknknw@example.com,Rex Juan Mosley,1982-08-24,Coventry,US
160,BeCronus Internationaly,Kraig,Norman,6159,Contoso,Others,dksm.lncyuss@example.com,BeCronus Internationaly Kraig Norman,1983-06-19,Poole,US
525,Rose,Darin,Williams,6524,Contoso,Male,gariakf@example.com,Rose Darin Williams,1984-11-29,Gloucester,US
529,NiCronus International,Cole,Rosario,6528,Contoso,Others,zxehz@example.com,NiCronus International Cole Rosario,1962-07-10,Bristol,US
678,Jami,Johnathon,Smith,6677,Contoso,Others,otnq@example.com,Jami Johnathon Smith,1999-04-14,Bolton,US
682,Scottie,Jerome,Medina,6681,Contoso,Male,fbzy@example.com,Scottie Jerome Medina,1995-03-04,Northampton,US
722,Christi,Gabriel,Ho,6721,Contoso,Others,lnbyjd94@example.com,Christi Gabriel Ho,1993-08-29,York,US
781,Jamal,Levi,Hunter,6780,Contoso,Others,nbiawa649@example.com,Jamal Levi Hunter,1986-04-10,Birmingham,US
876,Alfonso,NULL,Tyler,6875,Contoso,Male,zgcyjcw87@example.com,Alfonso Tyler,1983-02-21,Bournemouth,US
985,Oscar,NULL,Velez,6984,Contoso,Male,mkaqpjb@example.com,Oscar Velez,1995-04-12,Oxford,US
113,Shad,NULL,Burns,7112,Contoso,Others,evfmoui.qorteilik@example.com,Shad Burns,1998-01-17,St Helens,US
127,Lonnie,Jefferson,Bradford,7126,Contoso,Male,awavmf3@example.com,Lonnie Jefferson Bradford,1986-07-07,Bradford,US
146,Shirley,NULL,Key,7145,Contoso,Male,dwcyd.vdrnegurbg@example.com,Shirley Key,1981-08-07,Liverpool,US
165,Dena,NULL,Hoffman,7164,Contoso,Others,eyppp39@example.com,Dena Hoffman,1992-01-19,Preston,US
190,Adrienne,NULL,BlaCronus Internationalburn,7189,Contoso,Others,pfjdkdm52@example.com,Adrienne BlaCronus Internationalburn,1989-01-19,Exeter,US
644,Toby,Stewart,Alvarado,7643,Contoso,Others,lsjmxuge25@example.com,Toby Stewart Alvarado,1960-04-28,Coventry,US
800,Shelby,Deangelo,Nelson,7799,Contoso,Others,noovhs@example.com,Shelby Deangelo Nelson,1985-11-16,Poole,US
617,RiCronus Internationaly,Colby,Dudley,8616,Contoso,Male,fjnn9@example.com,RiCronus Internationaly Colby Dudley,1994-08-16,Kingston upon Hull,US
995,Mary,Levi,Munoz,8994,Contoso,Male,qjnvxtmg@example.com,Mary Levi Munoz,1987-12-06,Birmingham,US
125,Eileen,NULL,Hurley,9124,Contoso,Others,lwenlsei1@example.com,Eileen Hurley,1992-07-09,Huddersfield,US
222,Serena,Morris,Hayden,9221,Contoso,Others,ukwbwnl.poiweqig@example.com,Serena Morris Hayden,1988-02-05,Birmingham,US
604,Margaret,Landon,Mc Millan,9603,Contoso,Male,rxgt8@example.com,Margaret Landon Mc Millan,1956-03-12,BlaCronus Internationalpool,US
810,Kendall,NULL,Dennis,9809,Contoso,Male,sljj614@example.com,Kendall Dennis,1994-04-17,Kingston upon Hull,US
902,Troy,NULL,Cobb,9901,Contoso,Others,hdgn467@example.com,Troy Cobb,1993-11-30,York,US
