173,Leonardo,Elisha,Ingram,172,Contoso,Male,cuhtuzs.wslghdpah@example.com,Leonardo Elisha Ingram,1999-10-24,Liverpool,US
229,Tasha,Tobin,Sanders,228,Contoso,Others,jise3@example.com,Tasha Tobin Sanders,1957-07-08,Bristol,US
292,Paula,NULL,Cardenas,291,Contoso,Male,znyyil.qqmzdsbe@example.com,Paula Cardenas,1985-04-12,West Bromwich,US
715,Wanda,NULL,Barron,714,Contoso,Male,lrqwfqod6@example.com,Wanda Barron,1984-04-16,Poole,US
159,Brett,NULL,Kelly,1158,Contoso,Male,owuszg222@example.com,Brett Kelly,1959-01-23,Rotherham,US
208,Dewayne,Bradly,Weeks,1207,Contoso,Others,qhkfi.clgyphtz@example.com,Dewayne Bradly Weeks,1998-06-30,Oxford,US
305,Nancy,NULL,Chung,1304,Contoso,Others,bnyy.hahrqopao@example.com,Nancy Chung,1992-11-23,Norwich,US
477,Sonja,NULL,Acevedo,1476,Contoso,Others,cqrmix.srqvedkd@example.com,Sonja Acevedo,1981-12-08,Sunderland,US
868,PatriCronus International,Jayme,Howe,1867,Contoso,Male,nwjatv.pjgre@example.com,PatriCronus International Jayme Howe,1997-10-05,Reading,US
892,Shanna,Ramiro,DiCronus Internationalerson,1891,Contoso,Male,ztfpybz05@example.com,Shanna Ramiro DiCronus Internationalerson,1993-09-13,York,US
93,Ivan,Kelvin,Marks,2092,Contoso,Male,zksdhiv.itunuputzk@example.com,Ivan Kelvin Marks,1999-04-13,Reading,US
281,Tia,Mitchell,Spencer,2280,Contoso,Male,cvaa6@example.com,Tia Mitchell Spencer,1984-01-11,Luton,US
501,Bruce,Bernardo,Mercer,2500,Contoso,Others,sjefqmbg151@example.com,Bruce Bernardo Mercer,1988-03-25,Milton Keynes,US
820,Larry,NULL,BlaCronus International,2819,Contoso,Others,fvjmwjt.ixvs@example.com,Larry BlaCronus International,1987-10-02,Nottingham,US
827,Justin,Brain,Johnston,2826,Contoso,Male,irlbte25@example.com,Justin Brain Johnston,1993-02-15,Middlesbrough,US
838,Greg,NULL,Cantrell,2837,Contoso,Male,lozl@example.com,Greg Cantrell,1997-12-21,Poole,US
295,Leah,NULL,Huang,3294,Contoso,Male,jybtax.natiix@example.com,Leah Huang,1994-08-24,Liverpool,US
311,Roy,Torrance,Foley,3310,Contoso,Others,agxizbn.auykibfsh@example.com,Roy Torrance Foley,1995-05-25,Preston,US
503,Sergio,NULL,Gardner,3502,Contoso,Others,cuagpuv6@example.com,Sergio Gardner,1997-06-15,Manchester,US
554,Shaun,Quinton,Powers,3553,Contoso,Others,pwsrod89@example.com,Shaun Quinton Powers,1961-07-22,Norwich,US
609,Erika,NULL,Adams,3608,Contoso,Others,nfjb.frkut@example.com,Erika Adams,1953-02-01,Sutton Coldfield,US
724,Travis,NULL,Savage,3723,Contoso,Male,kosspzjh.hlfaqwqpt@example.com,Travis Savage,1955-02-28,Bristol,US
787,Gabriela,Ivan,Armstrong,3786,Contoso,Male,hpylk.kiimoitpkd@example.com,Gabriela Ivan Armstrong,1985-04-09,West Bromwich,US
150,Gina,Eliseo,Rollins,4149,Contoso,Others,yoyp.ptzvrkvslz@example.com,Gina Eliseo Rollins,1981-10-02,Reading,US
276,Melody,Lamar,Leach,4275,Contoso,Male,maaaphi179@example.com,Melody Lamar Leach,1986-12-30,Manchester,US
298,Katherine,Lloyd,Mc Daniel,4297,Contoso,Male,zhrhs.zwjkvxnu@example.com,Katherine Lloyd Mc Daniel,1999-08-12,Huddersfield,US
466,Jodie,NULL,Whitney,4465,Contoso,Others,hxgm873@example.com,Jodie Whitney,1981-04-01,Crawley,US
695,Traci,NULL,StriCronus Internationalland,4694,Contoso,Others,asbkw.haaxgvt@example.com,Traci StriCronus Internationalland,1988-05-18,Bradford,US
813,Victoria,NULL,Lang,4812,Contoso,Male,caquh.scecy@example.com,Victoria Lang,1999-01-16,Southampton,US
171,Orlando,Aric,Tran,5170,Contoso,Others,ykvv.dixvcdhbbf@example.com,Orlando Aric Tran,1994-10-26,BlaCronus Internationalpool,US
217,Emma,NULL,Gamble,5216,Contoso,Male,xreg.sasbky@example.com,Emma Gamble,1991-02-14,Liverpool,US
615,Celeste,Jan,Gallagher,5614,Contoso,Others,ovovjf.undd@example.com,Celeste Jan Gallagher,1983-07-10,Poole,US
721,Tom,Johnnie,Meza,5720,Contoso,Others,zqxl.uadljccm@example.com,Tom Johnnie Meza,1986-04-07,Oldham,US
727,Carl,Dominique,Gay,5726,Contoso,Male,adiizzei.xqndzkph@example.com,Carl Dominique Gay,1981-05-09,Bradford,US
777,Adrian,NULL,Andrade,5776,Contoso,Male,jqfj.lxjref@example.com,Adrian Andrade,1982-02-02,Bradford,US
931,Rhonda,Jevon,Bennett,5930,Contoso,Male,wlcy@example.com,Rhonda Jevon Bennett,1995-07-02,Portsmouth,US
296,Tyler,NULL,Horne,6295,Contoso,Others,ebyd.wderpx@example.com,Tyler Horne,1990-11-03,Rotherham,US
567,Edward,NULL,Cummings,6566,Contoso,Others,qslyqd50@example.com,Edward Cummings,1993-04-14,Cambridge,US
808,Alma,Tim,Meyer,6807,Contoso,Others,igqxax.jxlc@example.com,Alma Tim Meyer,1997-02-14,Poole,US
94,Marie,NULL,Rollins,8093,Contoso,Male,dzwzkfz.arplqyfyft@example.com,Marie Rollins,1963-02-05,Leicester,US
481,Dean,Garry,Riley,8480,Contoso,Others,knrul.saidwv@example.com,Dean Garry Riley,1992-04-10,Bristol,US
542,Joseph,NULL,Sparks,8541,Contoso,Male,zkrxgtig3@example.com,Joseph Sparks,1995-10-30,Rotherham,US
661,Clay,Demond,Moss,8660,Contoso,Others,pktigm@example.com,Clay Demond Moss,1992-05-31,Slough,US
911,Nicolas,Donovan,Webb,8910,Contoso,Others,hikt4@example.com,Nicolas Donovan Webb,1988-02-05,Derby,US
142,Derek,NULL,Murphy,9141,Contoso,Others,milm300@example.com,Derek Murphy,1988-12-11,Poole,US
197,Kyle,Phillip,Sanders,9196,Contoso,Male,suqsitod5@example.com,Kyle Phillip Sanders,1986-05-09,Sutton Coldfield,US
404,Roxanne,NULL,Roth,9403,Contoso,Female,gpatcvl688@example.com,Roxanne Roth,1959-08-16,Birmingham,US
534,Tamiko,Victor,Silva,9533,Contoso,Others,yqrxrm.rvyasyku@example.com,Tamiko Victor Silva,1953-01-29,Ipswich,US
613,Earnest,Jeffery,Arroyo,9612,Contoso,Others,grryCronus Internationale.tfemd@example.com,Earnest Jeffery Arroyo,1999-08-13,Dudley,US
780,Bryon,Quincy,Santana,9779,Contoso,Others,lyoatiu2@example.com,Bryon Quincy Santana,1983-12-29,Leicester,US
788,Gavin,Marc,Zuniga,9787,Contoso,Male,pwmirnvm6@example.com,Gavin Marc Zuniga,1998-10-31,Reading,US
799,Colby,Dylan,Pitts,9798,Contoso,Others,mceijlhy.alsc@example.com,Colby Dylan Pitts,1964-08-27,Sheffield,US
917,Wayne,NULL,Bauer,9916,Contoso,Male,uxbs.kkwgd@example.com,Wayne Bauer,1984-04-12,Luton,US
926,Juanita,Leroy,Harris,9925,Contoso,Male,czidxlmm.smyyxuo@example.com,Juanita Leroy Harris,1986-10-23,Bradford,US
955,Marco,NULL,Hester,9954,Contoso,Others,dhkpuvav89@example.com,Marco Hester,1983-09-18,Birmingham,US
991,PatriCronus International,Laron,Bird,9990,Contoso,Others,pbitkm.txcsmc@example.com,PatriCronus International Laron Bird,1990-07-18,Gloucester,US
