53,Mia,Kenneth,Rich,52,Contoso,Others,tmey@example.com,Mia Kenneth Rich,1998-11-16,Dudley,US
375,Kristina,Cody,Hurst,374,Contoso,Others,sfbqcp.jegexxq@example.com,Kristina Cody Hurst,1992-10-17,Swindon,US
499,Tabatha,Torrey,Mc Dowell,498,Contoso,Others,zdrdxuty.uamvqw@example.com,Tabatha Torrey Mc Dowell,1960-07-27,Newcastle upon Tyne,US
538,Lindsey,NULL,Thomas,537,Contoso,Male,ismc.aouyw@example.com,Lindsey Thomas,1999-01-12,StoCronus Internationalport,US
442,Damon,NULL,Robertson,1441,Contoso,Male,bxugjvwq.xqsqrd@example.com,Damon Robertson,1991-05-25,London,US
534,Tamiko,Victor,Silva,1533,Contoso,Others,yqrxrm.rvyasyku@example.com,Tamiko Victor Silva,1953-01-29,Ipswich,US
547,Lillian,NULL,Lang,1546,Contoso,Male,mnrxzb.pensidyi@example.com,Lillian Lang,1982-12-16,Plymouth,US
579,Tina,NULL,Perkins,1578,Contoso,Male,zpbu931@example.com,Tina Perkins,1956-04-02,Bristol,US
635,MiCronus Internationaley,NULL,Savage,1634,Contoso,Male,apwjuw6@example.com,MiCronus Internationaley Savage,1987-06-20,Bournemouth,US
25,Margaret,Bradford,Garrison,2024,Contoso,Others,ivna970@example.com,Margaret Bradford Garrison,1985-10-28,Walsall,US
144,Dale,Demarco,Lester,2143,Contoso,Male,kjdtfn.topxqms@example.com,Dale Demarco Lester,1959-06-29,Peterborough,US
170,Tanisha,NULL,Short,2169,Contoso,Male,awfdru.jevglsw@example.com,Tanisha Short,1987-06-14,Oxford,US
298,Katherine,Lloyd,Mc Daniel,2297,Contoso,Male,zhrhs.zwjkvxnu@example.com,Katherine Lloyd Mc Daniel,1999-08-12,Huddersfield,US
791,Lawanda,Gino,Michael,2790,Contoso,Male,kpxg7@example.com,Lawanda Gino Michael,1986-12-19,Birmingham,US
848,Alicia,Elbert,Callahan,2847,Contoso,Others,arcvbj027@example.com,Alicia Elbert Callahan,1997-08-28,Reading,US
16,Barry,NULL,Wade,3015,Contoso,Male,ehsc.obneuk@example.com,Barry Wade,1983-07-19,Birmingham,US
147,Herman,NULL,Burgess,3146,Contoso,Male,tcllze127@example.com,Herman Burgess,1993-06-13,Swindon,US
818,Marshall,Carey,Krueger,3817,Contoso,Male,pidakgxb30@example.com,Marshall Carey Krueger,1999-04-01,Sutton Coldfield,US
282,Antonio,Lemuel,Vincent,4281,Contoso,Male,uaoknbzg.sgrqzy@example.com,Antonio Lemuel Vincent,1992-08-28,Watford,US
516,Marsha,Isidro,French,4515,Contoso,Others,futbcwdm.vgib@example.com,Marsha Isidro French,1993-12-18,Sutton Coldfield,US
734,Lawrence,NULL,Shaw,4733,Contoso,Others,ajxjhol.ptyg@example.com,Lawrence Shaw,1963-04-27,London,US
940,Leticia,Clark,Hurley,4939,Contoso,Female,pkashbv.lbmgph@example.com,Leticia Clark Hurley,1981-04-19,Sutton Coldfield,US
57,Monte,Rigoberto,Kaufman,5056,Contoso,Male,fppek.mealfitusu@example.com,Monte Rigoberto Kaufman,1994-07-24,Bristol,US
66,Marcella,Garland,Carpenter,5065,Contoso,Others,ffpitmo.moarlayza@example.com,Marcella Garland Carpenter,1993-04-14,Sheffield,US
419,Luke,NULL,Lindsey,5418,Contoso,Male,xembhuba9@example.com,Luke Lindsey,1955-06-04,Middlesbrough,US
590,Todd,Edgardo,Kerr,5589,Contoso,Male,ozkam88@example.com,Todd Edgardo Kerr,1985-05-04,Portsmouth,US
881,Chandra,Sheldon,Yu,5880,Contoso,Male,ilqycqst.vnmdtpx@example.com,Chandra Sheldon Yu,1982-02-16,London,US
353,Kenny,Nelson,Lane,6352,Contoso,Male,vyptwymz1@example.com,Kenny Nelson Lane,2000-01-02,Oxford,US
690,Jessica,NULL,Russo,6689,Contoso,Female,bisfis8@example.com,Jessica Russo,1991-07-20,Reading,US
700,Kenny,Eric,Santiago,6699,Contoso,Others,sdpik886@example.com,Kenny Eric Santiago,1993-01-28,Exeter,US
827,Justin,Brain,Johnston,6826,Contoso,Male,irlbte25@example.com,Justin Brain Johnston,1993-02-15,Middlesbrough,US
832,Sonya,Eloy,Peters,6831,Contoso,Others,wjfhvjus5@example.com,Sonya Eloy Peters,1985-03-03,Poole,US
124,Kara,NULL,Gillespie,7123,Contoso,Male,bgun.wtqsrm@example.com,Kara Gillespie,1963-09-07,Gloucester,US
274,Teri,NULL,Cummings,7273,Contoso,Female,yjsvx8@example.com,Teri Cummings,1963-01-25,Milton Keynes,US
388,Warren,NULL,Gonzalez,7387,Contoso,Female,ygink.agvk@example.com,Warren Gonzalez,1998-01-01,Southampton,US
416,Tammi,Jesus,Hull,7415,Contoso,Male,vexvnq.dlpl@example.com,Tammi Jesus Hull,1995-07-12,London,US
479,Terrence,NULL,Spence,7478,Contoso,Male,tlthz02@example.com,Terrence Spence,1961-05-11,Leeds,US
716,Ian,NULL,Aguilar,7715,Contoso,Male,wkklmrd.rkosawtve@example.com,Ian Aguilar,1990-11-10,Milton Keynes,US
29,Connie,Joaquin,Noble,8028,Contoso,Others,jowzndf934@example.com,Connie Joaquin Noble,1950-06-29,Brighton,US
255,Garrett,NULL,Vasquez,8254,Contoso,Female,wezuogkg246@example.com,Garrett Vasquez,1981-08-20,Poole,US
332,April,Bradford,Marshall,8331,Contoso,Male,zpgkxmwl.hwpbi@example.com,April Bradford Marshall,1981-01-06,Telford,US
381,Dana,NULL,Carroll,8380,Contoso,Others,jncxps.dyaxd@example.com,Dana Carroll,1986-06-19,Exeter,US
811,Robbie,NULL,Coffey,8810,Contoso,Male,vwuqjc.whtqnjx@example.com,Robbie Coffey,1981-12-07,BlaCronus Internationalpool,US
660,Gerald,NULL,Flynn,9659,Contoso,Others,geopws865@example.com,Gerald Flynn,1985-05-07,Southampton,US
841,Kenya,Hugo,Small,9840,Contoso,Others,yoywnxj@example.com,Kenya Hugo Small,1993-09-07,Coventry,US
870,Chester,Beau,Keith,9869,Contoso,Male,fbjk.jdpow@example.com,Chester Beau Keith,1987-04-21,Exeter,US
997,Janine,John,Atkins,9996,Contoso,Others,yaepm.cerqy@example.com,Janine John Atkins,1988-11-09,Luton,US
