496,Philip,Ron,English,495,Contoso,Male,vujmsfk.dbmontxqh@example.com,Philip Ron English,1993-07-12,Leeds,US
621,Brent,NULL,Curry,620,Contoso,Others,trdw.anlwcwadu@example.com,Brent Curry,1994-10-29,StoCronus Internationalport,US
791,Lawanda,Gino,Michael,790,Contoso,Male,kpxg7@example.com,Lawanda Gino Michael,1986-12-19,Birmingham,US
283,Olga,NULL,Sanchez,1282,Contoso,Others,kaprr944@example.com,Olga Sanchez,1997-03-03,Eastbourne,US
398,Bryce,Dave,NULL,1397,Contoso,Others,yvaufx7@example.com,Bryce Dave NULL,1997-12-19,Milton Keynes,US
484,Lorraine,NULL,Clements,1483,Contoso,Male,iisdtnn2@example.com,Lorraine Clements,1959-08-17,Bristol,US
499,Tabatha,Torrey,Mc Dowell,1498,Contoso,Others,zdrdxuty.uamvqw@example.com,Tabatha Torrey Mc Dowell,1960-07-27,Newcastle upon Tyne,US
671,Brandy,Darwin,Mayer,1670,Contoso,Others,gshqwtr@example.com,Brandy Darwin Mayer,1994-06-29,Portsmouth,US
814,Miranda,NULL,Graham,1813,Contoso,Male,malf@example.com,Miranda Graham,1959-09-12,Telford,US
318,Mitchell,NULL,Montes,2317,Contoso,Others,gyaoadt@example.com,Mitchell Montes,1999-08-07,Kingston upon Hull,US
471,Ruby,NULL,Butler,2470,Contoso,Others,kcbz.rqfrqod@example.com,Ruby Butler,1981-04-15,Peterborough,US
510,Brandi,NULL,Zimmerman,2509,Contoso,Others,xbny.dbcw@example.com,Brandi Zimmerman,1984-02-17,Brighton,US
616,Damon,DereCronus International,Hopkins,2615,Contoso,Male,txiyd884@example.com,Damon DereCronus International Hopkins,1991-09-14,Norwich,US
698,Kristi,Keenan,Mc Millan,2697,Contoso,Male,alsfws.ekqjksy@example.com,Kristi Keenan Mc Millan,1997-07-20,Sunderland,US
851,Cherie,Michelle,Shelton,2850,Contoso,Male,fmkihlxa.plcarp@example.com,Cherie Michelle Shelton,1985-03-01,Sunderland,US
563,Joyce,Vincenzo,Oliver,3562,Contoso,Others,alec.ltmpxncwv@example.com,Joyce Vincenzo Oliver,1998-06-13,Newcastle upon Tyne,US
41,Sonja,NULL,Pearson,4040,Contoso,Male,wgvkbjyz9@example.com,Sonja Pearson,1991-07-18,Bolton,US
756,Matthew,Domingo,Bass,4755,Contoso,Male,jdvl733@example.com,Matthew Domingo Bass,1991-01-03,Gloucester,US
928,Nicholas,NULL,Rivera,4927,Contoso,Others,rdvbhga@example.com,Nicholas Rivera,1997-10-12,Norwich,US
85,Rachael,Santos,Heath,5084,Contoso,Others,uscpvzru586@example.com,Rachael Santos Heath,1981-04-23,West Bromwich,US
207,Freddie,NULL,Raymond,5206,Contoso,Others,exlsvxim3@example.com,Freddie Raymond,1988-11-15,Crawley,US
379,Stanley,Michale,Lyons,5378,Contoso,Male,soglkqn.wngn@example.com,Stanley Michale Lyons,1960-12-29,Nottingham,US
464,Misti,Stephen,Hoffman,5463,Contoso,Male,olkwnstl@example.com,Misti Stephen Hoffman,1961-10-19,StoCronus Internationalport,US
483,Ernesto,NULL,Crosby,5482,Contoso,Male,bqebr@example.com,Ernesto Crosby,1997-10-14,Ipswich,US
840,Melinda,NULL,Schroeder,5839,Contoso,Others,plrbwkbd92@example.com,Melinda Schroeder,1992-03-17,Derby,US
905,Latasha,NULL,Carney,5904,Contoso,Male,jzdngh.xjquvgu@example.com,Latasha Carney,1990-03-19,BlaCronus Internationalpool,US
969,Latisha,Richie,Vance,5968,Contoso,Male,ixqx43@example.com,Latisha Richie Vance,1960-10-24,Portsmouth,US
99,Joanna,NULL,Vasquez,6098,Contoso,Female,yrgmscy8@example.com,Joanna Vasquez,1957-11-26,Nottingham,US
166,Belinda,NULL,Rojas,6165,Contoso,Male,mcitgob.amkfcart@example.com,Belinda Rojas,1987-04-17,Preston,US
184,Felicia,Gerardo,Beltran,6183,Contoso,Male,zeqx@example.com,Felicia Gerardo Beltran,1959-04-12,Oldham,US
187,Joyce,Clark,Vargas,6186,Contoso,Male,oauq8@example.com,Joyce Clark Vargas,1986-11-17,Portsmouth,US
262,Ben,Lon,Kaufman,6261,Contoso,Male,gvzw.nmud@example.com,Ben Lon Kaufman,1988-11-02,Watford,US
286,Katrina,NULL,Vega,6285,Contoso,Others,bgyo18@example.com,Katrina Vega,1983-05-07,BlaCronus Internationalpool,US
430,Summer,Eric,Chaney,6429,Contoso,Others,skvlhd4@example.com,Summer Eric Chaney,1987-10-30,Eastbourne,US
531,Katrina,Tommie,Chaney,6530,Contoso,Male,wnsltonp.jhrvmm@example.com,Katrina Tommie Chaney,1994-05-10,Bournemouth,US
687,Neal,Thomas,Meyer,6686,Contoso,Others,eemim.weqjgxehkv@example.com,Neal Thomas Meyer,1987-06-08,Rotherham,US
848,Alicia,Elbert,Callahan,6847,Contoso,Others,arcvbj027@example.com,Alicia Elbert Callahan,1997-08-28,Reading,US
874,Louis,Ned,Tapia,6873,Contoso,Male,zygswuvs.udlwt@example.com,Louis Ned Tapia,1950-12-04,Kingston upon Hull,US
38,Bryce,NULL,Frank,7037,Contoso,Others,jwwkbmmv.vncgfeah@example.com,Bryce Frank,1997-11-30,Rotherham,US
472,Katherine,Cary,Chan,7471,Contoso,Male,mlulw49@example.com,Katherine Cary Chan,1981-05-03,Poole,US
696,Grace,NULL,Larson,7695,Contoso,Male,expvgem.tmnvij@example.com,Grace Larson,1995-07-26,West Bromwich,US
177,Maggie,Carson,Gamble,8176,Contoso,Others,xlpwempd.jiwrozvmi@example.com,Maggie Carson Gamble,1986-11-05,Birmingham,US
206,Ismael,Eugene,Cline,8205,Contoso,Male,uzmx.yiefs@example.com,Ismael Eugene Cline,1985-02-09,Slough,US
278,Bobbie,KendriCronus International,Thornton,8277,Contoso,Male,sybwy606@example.com,Bobbie KendriCronus International Thornton,1999-04-04,Middlesbrough,US
596,Maggie,Taurus,Stewart,8595,Contoso,Male,cinnvhx752@example.com,Maggie Taurus Stewart,1994-08-23,Bolton,US
793,Shannon,Antonio,Solomon,8792,Contoso,Male,aqfquutp0@example.com,Shannon Antonio Solomon,1998-09-20,Oldham,US
939,Efrain,Jamel,Melton,8938,Contoso,Others,pwfrsn660@example.com,Efrain Jamel Melton,1963-04-27,Southend-on-Sea,US
16,Barry,NULL,Wade,9015,Contoso,Male,ehsc.obneuk@example.com,Barry Wade,1983-07-19,Birmingham,US
44,Cari,Kendall,Welch,9043,Contoso,Male,ksgot@example.com,Cari Kendall Welch,1950-05-05,Bradford,US
342,Javier,Arturo,Woodward,9341,Contoso,Others,yelpj.ijroo@example.com,Javier Arturo Woodward,1990-11-10,Poole,US
549,Christian,NULL,Brown,9548,Contoso,Male,bhaefz80@example.com,Christian Brown,1964-12-10,Milton Keynes,US
647,Yvette,NULL,Harris,9646,Contoso,Others,xuknlri.eygt@example.com,Yvette Harris,1983-11-17,Liverpool,US
734,Lawrence,NULL,Shaw,9733,Contoso,Others,ajxjhol.ptyg@example.com,Lawrence Shaw,1963-04-27,London,US
775,Marshall,NULL,Stuart,9774,Contoso,Others,eatqqw@example.com,Marshall Stuart,1983-03-05,Reading,US
869,Marianne,Clinton,Trevino,9868,Contoso,Others,ndrojlz581@example.com,Marianne Clinton Trevino,1956-10-24,Exeter,US
