82,Christa,NULL,Chen,81,Contoso,Others,udqe@example.com,Christa Chen,1989-02-23,Bolton,US
332,April,Bradford,Marshall,331,Contoso,Male,zpgkxmwl.hwpbi@example.com,April Bradford Marshall,1981-01-06,Telford,US
334,Heather,NULL,Hutchinson,333,Contoso,Male,rjdzrnk0@example.com,Heather Hutchinson,1951-05-04,Sunderland,US
398,Bryce,Dave,NULL,397,Contoso,Others,yvaufx7@example.com,Bryce Dave NULL,1997-12-19,Milton Keynes,US
494,Julian,NULL,Price,493,Contoso,Male,kfnj4@example.com,Julian Price,1954-12-26,Norwich,US
532,Gene,NULL,Holland,531,Contoso,Others,kpyiyd.lzqq@example.com,Gene Holland,1987-11-14,Bradford,US
812,Corey,NULL,Calderon,811,Contoso,Others,slalhsx.onkqffhrs@example.com,Corey Calderon,1986-04-30,Bournemouth,US
822,Donnie,NULL,Norman,821,Contoso,Others,fcemuhr.knokxqmsa@example.com,Donnie Norman,1988-04-13,Exeter,US
437,Felicia,Donovan,Humphrey,1436,Contoso,Male,bivv395@example.com,Felicia Donovan Humphrey,1995-06-28,Wolverhampton,US
542,Joseph,NULL,Sparks,1541,Contoso,Male,zkrxgtig3@example.com,Joseph Sparks,1995-10-30,Rotherham,US
555,Alexandra,NULL,Rangel,1554,Contoso,Male,phtqgxg6@example.com,Alexandra Rangel,1994-05-24,York,US
587,Leonardo,Jefferson,Cherry,1586,Contoso,Others,ceqkcg8@example.com,Leonardo Jefferson Cherry,1987-02-16,Oldham,US
612,Jolene,Tarik,HiCronus Internationals,1611,Contoso,Others,uuuqvhms.hahqfkkgmz@example.com,Jolene Tarik HiCronus Internationals,1988-04-08,BlaCronus Internationalburn,US
845,Pamela,Desmond,Dixon,1844,Contoso,Male,htnvi.ldesvsikof@example.com,Pamela Desmond Dixon,1993-05-04,Eastbourne,US
2,Jami,NULL,Watts,2001,Contoso,Female,ajwt.bwxpg@example.com,Jami Watts,1989-11-01,Kingston upon Hull,US
83,Katherine,Curt,Mccarty,2082,Contoso,Male,prjkg.hthesztlaf@example.com,Katherine Curt Mccarty,1999-12-19,Middlesbrough,US
305,Nancy,NULL,Chung,2304,Contoso,Others,bnyy.hahrqopao@example.com,Nancy Chung,1992-11-23,Norwich,US
372,PatriCronus International,Todd,Mc Connell,2371,Contoso,Male,ufvsr.hwvxx@example.com,PatriCronus International Todd Mc Connell,1994-04-15,Northampton,US
828,Mindy,James,Noble,2827,Contoso,Others,xcdqoyoz.mfzzgwodee@example.com,Mindy James Noble,1999-11-10,Wolverhampton,US
257,Marlon,NULL,Watts,3256,Contoso,Male,jknlo@example.com,Marlon Watts,1985-11-01,Poole,US
263,Raymond,Chauncey,Tanner,3262,Contoso,Male,igrkbj.qdticmbe@example.com,Raymond Chauncey Tanner,1999-05-10,Eastbourne,US
413,Marilyn,Gustavo,O'Connell,3412,Contoso,Male,welg.igcofi@example.com,Marilyn Gustavo O'Connell,1998-04-27,Kingston upon Hull,US
452,Esteban,Dylan,Summers,3451,Contoso,Others,gcgqa.xfkfilv@example.com,Esteban Dylan Summers,1988-08-05,Middlesbrough,US
482,Jeanne,NULL,Serrano,3481,Contoso,Male,zyebxdj.jhwbkjesp@example.com,Jeanne Serrano,1990-03-02,Sutton Coldfield,US
517,Joey,Cameron,Mendez,3516,Contoso,Male,bfyunacd966@example.com,Joey Cameron Mendez,1992-11-07,Norwich,US
802,Devon,Shawn,Weeks,3801,Contoso,Others,enxshe693@example.com,Devon Shawn Weeks,1993-09-17,Coventry,US
951,Gordon,NULL,David,3950,Contoso,Male,zhfi.clmkcefoe@example.com,Gordon David,1989-07-13,Oxford,US
38,Bryce,NULL,Frank,4037,Contoso,Others,jwwkbmmv.vncgfeah@example.com,Bryce Frank,1997-11-30,Rotherham,US
127,Lonnie,Jefferson,Bradford,4126,Contoso,Male,awavmf3@example.com,Lonnie Jefferson Bradford,1986-07-07,Bradford,US
142,Derek,NULL,Murphy,4141,Contoso,Others,milm300@example.com,Derek Murphy,1988-12-11,Poole,US
447,Candace,NULL,Yates,4446,Contoso,Others,nzkvko.rpwifdgl@example.com,Candace Yates,1985-10-08,Dudley,US
553,Kari,Leland,Schroeder,4552,Contoso,Male,kuddqlt.maeidz@example.com,Kari Leland Schroeder,1998-05-24,Nottingham,US
941,Janice,NULL,Nixon,4940,Contoso,Others,gdoezcjf.nujroe@example.com,Janice Nixon,1993-06-13,Brighton,US
18,Paula,Cyrus,Bolton,5017,Contoso,Others,jlmqbomm85@example.com,Paula Cyrus Bolton,1998-07-29,Oldham,US
88,Andrea,NULL,Mayo,5087,Contoso,Others,qvfl0@example.com,Andrea Mayo,1998-06-21,Watford,US
348,Terrance,Barry,Lyons,5347,Contoso,Male,zkfjfr.bidovkypmz@example.com,Terrance Barry Lyons,1997-07-27,Oldham,US
625,Andrea,NULL,Crosby,5624,Contoso,Others,lytrflm807@example.com,Andrea Crosby,1991-06-23,Rotherham,US
790,Karl,Joshua,Turner,5789,Contoso,Others,vgyx.qxiy@example.com,Karl Joshua Turner,1990-05-20,Bournemouth,US
891,Jayson,NULL,Pitts,5890,Contoso,Others,ricezigw.qodfgt@example.com,Jayson Pitts,1987-09-13,Portsmouth,US
66,Marcella,Garland,Carpenter,6065,Contoso,Others,ffpitmo.moarlayza@example.com,Marcella Garland Carpenter,1993-04-14,Sheffield,US
917,Wayne,NULL,Bauer,6916,Contoso,Male,uxbs.kkwgd@example.com,Wayne Bauer,1984-04-12,Luton,US
94,Marie,NULL,Rollins,7093,Contoso,Male,dzwzkfz.arplqyfyft@example.com,Marie Rollins,1963-02-05,Leicester,US
145,Andy,NULL,Elliott,7144,Contoso,Others,umfssw3@example.com,Andy Elliott,1991-06-02,Sheffield,US
347,Arlene,NULL,Barrera,7346,Contoso,Others,olrdpn.kabkw@example.com,Arlene Barrera,1991-07-01,Poole,US
387,Kate,Bert,Villegas,7386,Contoso,Others,uqhc51@example.com,Kate Bert Villegas,1982-01-27,Slough,US
855,Carey,NULL,Massey,7854,Contoso,Male,gimkwt45@example.com,Carey Massey,1989-11-18,Peterborough,US
282,Antonio,Lemuel,Vincent,8281,Contoso,Male,uaoknbzg.sgrqzy@example.com,Antonio Lemuel Vincent,1992-08-28,Watford,US
360,Alana,Isidro,Downs,8359,Contoso,Others,veyg.ddwersqvqm@example.com,Alana Isidro Downs,1994-05-25,Ipswich,US
523,Josephine,NULL,Garner,8522,Contoso,Others,auchg.eacr@example.com,Josephine Garner,1999-10-18,Poole,US
674,Sherrie,Leopoldo,Finley,8673,Contoso,Others,mrtwmy67@example.com,Sherrie Leopoldo Finley,1963-05-11,Sunderland,US
84,Doris,NULL,Logan,9083,Contoso,Male,xikaz4@example.com,Doris Logan,1960-07-08,Nottingham,US
614,Forrest,Marlin,Spence,9613,Contoso,Others,easzspg@example.com,Forrest Marlin Spence,1957-02-07,Eastbourne,US
827,Justin,Brain,Johnston,9826,Contoso,Male,irlbte25@example.com,Justin Brain Johnston,1993-02-15,Middlesbrough,US
907,ViCronus Internationali,NULL,Larsen,9906,Contoso,Male,dycclvx487@example.com,ViCronus Internationali Larsen,1986-02-08,Kingston upon Hull,US
