105,Melanie,NULL,Adams,104,Contoso,Male,hjrgiz.tlcqoyqfv@example.com,Melanie Adams,1987-07-31,Luton,US
125,Eileen,NULL,Hurley,124,Contoso,Others,lwenlsei1@example.com,Eileen Hurley,1992-07-09,Huddersfield,US
563,Joyce,Vincenzo,Oliver,562,Contoso,Others,alec.ltmpxncwv@example.com,Joyce Vincenzo Oliver,1998-06-13,Newcastle upon Tyne,US
697,Hugh,Alexis,Salinas,696,Contoso,Others,fexcy.bgmliyijh@example.com,Hugh Alexis Salinas,1990-03-06,Oxford,US
858,Alana,NULL,Galvan,857,Contoso,Male,tpimym.iryq@example.com,Alana Galvan,1997-12-29,NULL,US
912,Johnny,NULL,Cross,911,Contoso,Others,ixuoakpo849@example.com,Johnny Cross,1988-10-10,StoCronus Internationalport,US
22,Dexter,Chet,Velazquez,1021,Contoso,Female,lonr.cybyngygop@example.com,Dexter Chet Velazquez,1995-09-08,Watford,US
84,Doris,NULL,Logan,1083,Contoso,Male,xikaz4@example.com,Doris Logan,1960-07-08,Nottingham,US
91,Cory,NULL,Poole,1090,Contoso,Others,axrxusl.yqqj@example.com,Cory Poole,1994-12-16,Luton,US
700,Kenny,Eric,Santiago,1699,Contoso,Others,sdpik886@example.com,Kenny Eric Santiago,1993-01-28,Exeter,US
839,Kareem,Terrill,Thompson,1838,Contoso,Others,pllhxmeg@example.com,Kareem Terrill Thompson,1962-02-28,Leicester,US
885,Toby,NULL,BuCronus Internationalley,1884,Contoso,Others,kcfrvzo19@example.com,Toby BuCronus Internationalley,1993-04-15,Dudley,US
214,ChadwiCronus International,NULL,Morton,2213,Contoso,Others,fbnpmfr604@example.com,ChadwiCronus International Morton,1951-04-09,Oxford,US
411,Katina,NULL,Joyce,2410,Contoso,Others,jevuthp55@example.com,Katina Joyce,1982-04-25,Luton,US
575,Lashonda,NULL,Walsh,2574,Contoso,Male,afqse@example.com,Lashonda Walsh,1984-05-28,Poole,US
714,Joyce,Tavares,Flores,2713,Contoso,Others,ahni48@example.com,Joyce Tavares Flores,1958-03-21,Crawley,US
59,Dora,JaCronus Internationalie,BroCronus International,3058,Contoso,Male,zlbtq.fhtgridhjm@example.com,Dora JaCronus Internationalie BroCronus International,1962-09-11,Swindon,US
96,Mandi,Elisha,NULL,3095,Contoso,Male,mcfzostb@example.com,Mandi Elisha NULL,1988-03-23,Poole,US
329,Sarah,Johnathon,Tanner,3328,Contoso,Others,uqywumn@example.com,Sarah Johnathon Tanner,1956-04-18,Luton,US
432,Devon,NULL,Hernandez,3431,Contoso,Male,hlgql.jobccpjqpz@example.com,Devon Hernandez,1990-06-04,NULL,US
594,Donald,Franklin,Ritter,3593,Contoso,Male,dmlhurl.ujfgwaoq@example.com,Donald Franklin Ritter,1961-11-22,Southampton,US
632,Theodore,Karl,Farmer,3631,Contoso,Male,gkeqagi@example.com,Theodore Karl Farmer,1991-09-11,Colchester,US
512,Cassandra,Cary,Baker,4511,Contoso,Others,fqxzqxxl219@example.com,Cassandra Cary Baker,1986-09-01,Telford,US
527,Drew,NULL,Horne,4526,Contoso,Others,zsemio.ivkz@example.com,Drew Horne,1992-06-26,Gloucester,US
550,Otis,Carroll,NULL,4549,Contoso,Male,hpcbvy.ekkvgj@example.com,Otis Carroll NULL,1994-10-22,Kingston upon Hull,US
529,NiCronus International,Cole,Rosario,5528,Contoso,Others,zxehz@example.com,NiCronus International Cole Rosario,1962-07-10,Bristol,US
776,Salvador,Marcellus,Price,5775,Contoso,Others,awvysyo.jgdmuq@example.com,Salvador Marcellus Price,1991-08-17,StoCronus Internationalport,US
15,Carolyn,NULL,Rowland,6014,Contoso,Male,uvxcae1@example.com,Carolyn Rowland,1993-03-05,Oxford,US
32,Tamika,Burton,Wang,6031,Contoso,Male,ykqkua.ciixwuqvq@example.com,Tamika Burton Wang,1983-07-11,Huddersfield,US
284,Liza,Hunter,House,6283,Contoso,Others,juytxfob@example.com,Liza Hunter House,1954-01-10,Peterborough,US
368,Tammi,Walter,Fox,6367,Contoso,Male,gdwffk.jietmCronus International@example.com,Tammi Walter Fox,1998-07-14,Colchester,US
420,Damon,Jarred,Crosby,6419,Contoso,Male,kuzbqrlf864@example.com,Damon Jarred Crosby,1995-09-01,Sunderland,US
429,Perry,Shaun,Hill,6428,Contoso,Others,lnrot.stbdh@example.com,Perry Shaun Hill,1958-04-01,Sutton Coldfield,US
628,Shana,Cliff,Freeman,6627,Contoso,Others,zlgq.hyrjimtwi@example.com,Shana Cliff Freeman,1998-09-27,Colchester,US
149,Scot,Jameson,Horn,7148,Contoso,Male,wvviab.karpzwher@example.com,Scot Jameson Horn,1956-06-06,Bolton,US
202,Anthony,Stanley,Hughes,7201,Contoso,Others,jksre.Cronus Internationalqzmlxj@example.com,Anthony Stanley Hughes,1991-12-05,Portsmouth,US
253,Jake,NULL,Shah,7252,Contoso,Others,thdebrl.myggs@example.com,Jake Shah,1998-05-17,Bradford,US
761,Roger,Gary,Harper,7760,Contoso,Male,keyfn.qumhe@example.com,Roger Gary Harper,1991-04-23,London,US
12,Alfred,Kurt,Petty,8011,Contoso,Others,uidevv.lmow@example.com,Alfred Kurt Petty,1989-05-06,West Bromwich,US
505,Kirsten,NULL,Henderson,8504,Contoso,Others,ouoxta.ozlinftw@example.com,Kirsten Henderson,1985-05-21,Sunderland,US
860,Harold,Isidro,Thornton,8859,Contoso,Female,eudyzt.fzwdbhp@example.com,Harold Isidro Thornton,1983-04-15,Oxford,US
901,Staci,NULL,Waters,8900,Contoso,Male,fowhmmf24@example.com,Staci Waters,1986-04-21,Peterborough,US
2,Jami,NULL,Watts,9001,Contoso,Female,ajwt.bwxpg@example.com,Jami Watts,1989-11-01,Kingston upon Hull,US
122,Kent,NULL,Rubio,9121,Contoso,Male,qzbdwva.qgivbb@example.com,Kent Rubio,1992-06-19,Southampton,US
132,Hannah,Dion,Rivera,9131,Contoso,Male,lstunzb6@example.com,Hannah Dion Rivera,1984-06-24,NULL,US
251,Claude,Forest,Moyer,9250,Contoso,Others,ovxtcis74@example.com,Claude Forest Moyer,1982-07-21,Southampton,US
355,Maureen,Elbert,Morris,9354,Contoso,Others,rlrxjoa@example.com,Maureen Elbert Morris,1991-12-27,Southampton,US
527,Drew,NULL,Horne,9526,Contoso,Others,zsemio.ivkz@example.com,Drew Horne,1992-06-26,Gloucester,US
980,Sergio,NULL,Ramos,9979,Contoso,Male,ynjmi.gtae@example.com,Sergio Ramos,1984-12-23,Southampton,US
