161,Jami,NULL,Stewart,160,Contoso,Others,hovi.jvtlvgnalq@example.com,Jami Stewart,1982-08-11,Swindon,US
440,Donnell,NULL,Raymond,439,Contoso,Others,nreeura01@example.com,Donnell Raymond,1992-02-16,Bradford,US
130,James,Donny,Ali,1129,Contoso,Male,kcvdhvx06@example.com,James Donny Ali,1995-02-17,Telford,US
164,Joy,Edgar,Franklin,1163,Contoso,Male,epirhr.kblz@example.com,Joy Edgar Franklin,1955-09-08,Middlesbrough,US
256,Wanda,Deshawn,Flores,1255,Contoso,Female,rtskwzq.dphhl@example.com,Wanda Deshawn Flores,1993-12-08,Bolton,US
356,Jesse,NULL,Ray,1355,Contoso,Others,wiopcz56@example.com,Jesse Ray,1994-01-22,Bolton,US
514,Olivia,Ron,Bruce,1513,Contoso,Male,wrmgpg@example.com,Olivia Ron Bruce,1961-09-02,Norwich,US
554,Shaun,Quinton,Powers,1553,Contoso,Others,pwsrod89@example.com,Shaun Quinton Powers,1961-07-22,Norwich,US
810,Kendall,NULL,Dennis,1809,Contoso,Male,sljj614@example.com,Kendall Dennis,1994-04-17,Kingston upon Hull,US
854,Gena,Jamel,Conner,1853,Contoso,Others,ommsdycw0@example.com,Gena Jamel Conner,1953-02-25,Rotherham,US
911,Nicolas,Donovan,Webb,1910,Contoso,Others,hikt4@example.com,Nicolas Donovan Webb,1988-02-05,Derby,US
115,Joanna,NULL,Parker,2114,Contoso,Male,yvxslttb27@example.com,Joanna Parker,1986-10-25,Rotherham,US
413,Marilyn,Gustavo,O'Connell,2412,Contoso,Male,welg.igcofi@example.com,Marilyn Gustavo O'Connell,1998-04-27,Kingston upon Hull,US
420,Damon,Jarred,Crosby,2419,Contoso,Male,kuzbqrlf864@example.com,Damon Jarred Crosby,1995-09-01,Sunderland,US
526,Leticia,NULL,Goodwin,2525,Contoso,Female,vjsysp.jzkzz@example.com,Leticia Goodwin,1990-04-20,Leeds,US
692,Rafael,NULL,George,2691,Contoso,Others,mwadoma@example.com,Rafael George,1995-05-03,Bradford,US
224,Jim,Irving,Nelson,3223,Contoso,Male,kwhnim@example.com,Jim Irving Nelson,1955-10-14,Norwich,US
39,DarriCronus International,NULL,Goodman,4038,Contoso,Female,fdxdyi370@example.com,DarriCronus International Goodman,1964-10-15,West Bromwich,US
100,Nathan,Casey,Yates,4099,Contoso,Others,rkguhoun.tfzkdmgad@example.com,Nathan Casey Yates,1990-05-21,Plymouth,US
343,Autumn,Sebastian,Vazquez,4342,Contoso,Others,avsd71@example.com,Autumn Sebastian Vazquez,1997-01-18,Gloucester,US
399,Edwin,NULL,Cameron,4398,Contoso,Male,auhhamas.hdffhe@example.com,Edwin Cameron,1953-09-09,Slough,US
423,Louis,NULL,Bennett,4422,Contoso,Male,xbtixq@example.com,Louis Bennett,1999-01-12,Bradford,US
529,NiCronus International,Cole,Rosario,4528,Contoso,Others,zxehz@example.com,NiCronus International Cole Rosario,1962-07-10,Bristol,US
836,Wade,Luther,Navarro,4835,Contoso,Female,nkrhmx.vhcwuiqr@example.com,Wade Luther Navarro,1992-04-17,Exeter,US
890,Joseph,Scot,Vega,4889,Contoso,Male,tovu94@example.com,Joseph Scot Vega,1982-11-29,Brighton,US
768,Natasha,Silas,Johns,5767,Contoso,Male,kiyzws.rqis@example.com,Natasha Silas Johns,1997-08-01,Birmingham,US
782,Nina,Damon,Rivera,5781,Contoso,Male,bzybiiq138@example.com,Nina Damon Rivera,1988-06-02,Bristol,US
169,Lloyd,Osvaldo,Rosario,6168,Contoso,Others,zhutnoyr115@example.com,Lloyd Osvaldo Rosario,1956-06-27,Manchester,US
391,Cary,NULL,Hardy,6390,Contoso,Male,htzvspxu352@example.com,Cary Hardy,1995-02-21,Portsmouth,US
460,Anita,Trevor,Copeland,6459,Contoso,Others,cdjrew@example.com,Anita Trevor Copeland,1992-04-02,NULL,US
570,Robin,NULL,Potts,6569,Contoso,Others,vhfwmd90@example.com,Robin Potts,1995-07-19,Gloucester,US
689,Rolando,NULL,Cordova,6688,Contoso,Others,pkizw.juuzilbz@example.com,Rolando Cordova,1958-03-06,London,US
990,Alvin,Kris,Santana,6989,Contoso,Others,tlmfs.ywmenxwqd@example.com,Alvin Kris Santana,1995-08-22,Birmingham,US
49,Quincy,NULL,Fischer,7048,Contoso,Others,frulwt.kpgxooqsb@example.com,Quincy Fischer,1958-11-30,BlaCronus Internationalburn,US
275,Bryce,Bobbie,Hurley,7274,Contoso,Others,fcrx@example.com,Bryce Bobbie Hurley,1993-05-22,Swindon,US
391,Cary,NULL,Hardy,7390,Contoso,Male,htzvspxu352@example.com,Cary Hardy,1995-02-21,Portsmouth,US
832,Sonya,Eloy,Peters,7831,Contoso,Others,wjfhvjus5@example.com,Sonya Eloy Peters,1985-03-03,Poole,US
843,Damian,NULL,Adams,7842,Contoso,Male,ejrojbj.efjinh@example.com,Damian Adams,1997-07-02,Oldham,US
112,Anne,Felix,Conway,8111,Contoso,Others,iwrymjr.bswvjqi@example.com,Anne Felix Conway,1981-03-12,Cambridge,US
283,Olga,NULL,Sanchez,8282,Contoso,Others,kaprr944@example.com,Olga Sanchez,1997-03-03,Eastbourne,US
375,Kristina,Cody,Hurst,8374,Contoso,Others,sfbqcp.jegexxq@example.com,Kristina Cody Hurst,1992-10-17,Swindon,US
524,Gretchen,Peter,FrederiCronus International,8523,Contoso,Male,qsmrc@example.com,Gretchen Peter FrederiCronus International,1952-01-31,West Bromwich,US
558,Jimmy,NULL,Mitchell,8557,Contoso,Others,ugbr@example.com,Jimmy Mitchell,1999-04-09,Preston,US
954,Jeanine,Vance,Holder,8953,Contoso,Male,jbrohp.hxrgkiha@example.com,Jeanine Vance Holder,1955-10-27,Peterborough,US
63,Kara,Marcellus,Morrow,9062,Contoso,Male,jysls2@example.com,Kara Marcellus Morrow,1998-07-30,Cambridge,US
184,Felicia,Gerardo,Beltran,9183,Contoso,Male,zeqx@example.com,Felicia Gerardo Beltran,1959-04-12,Oldham,US
232,Bryce,NULL,BlaCronus International,9231,Contoso,Others,upxh.gdhqej@example.com,Bryce BlaCronus International,1983-04-22,StoCronus Internationalport,US
361,Teddy,Laurence,Gonzalez,9360,Contoso,Others,tala.ykhkdhoo@example.com,Teddy Laurence Gonzalez,1988-02-04,Plymouth,US
374,KendriCronus International,NULL,Scott,9373,Contoso,Others,nsafjdt9@example.com,KendriCronus International Scott,1961-12-31,Sutton Coldfield,US
430,Summer,Eric,Chaney,9429,Contoso,Others,skvlhd4@example.com,Summer Eric Chaney,1987-10-30,Eastbourne,US
927,ViCronus Internationalie,Vince,Goodman,9926,Contoso,Others,zdwv.haakn@example.com,ViCronus Internationalie Vince Goodman,1984-01-14,Huddersfield,US
967,Kristian,NULL,Shah,9966,Contoso,Others,snboyeu.gawm@example.com,Kristian Shah,1995-02-02,Middlesbrough,US
