119,Alana,Clifton,Diaz,118,Contoso,Male,csdo1@example.com,Alana Clifton Diaz,1951-01-25,Leicester,US
126,Dustin,Dino,Cowan,125,Contoso,Male,cfkw@example.com,Dustin Dino Cowan,1990-07-18,Cambridge,US
144,Dale,Demarco,Lester,143,Contoso,Male,kjdtfn.topxqms@example.com,Dale Demarco Lester,1959-06-29,Peterborough,US
178,Jessica,Calvin,Abbott,177,Contoso,Male,wsgan493@example.com,Jessica Calvin Abbott,1998-04-12,Swindon,US
686,Telly,Frankie,Herring,685,Contoso,Female,vzauo.awntlvjxf@example.com,Telly Frankie Herring,1994-11-12,Dudley,US
800,Shelby,Deangelo,Nelson,799,Contoso,Others,noovhs@example.com,Shelby Deangelo Nelson,1985-11-16,Poole,US
840,Melinda,NULL,Schroeder,839,Contoso,Others,plrbwkbd92@example.com,Melinda Schroeder,1992-03-17,Derby,US
92,Dewayne,NULL,Kent,1091,Contoso,Male,ttcuvzvv.xuawk@example.com,Dewayne Kent,1981-07-31,Newcastle upon Tyne,US
152,Rodolfo,Stephen,NULL,1151,Contoso,Male,tfbz.bksykg@example.com,Rodolfo Stephen NULL,1992-11-10,Birmingham,US
254,Rachelle,Logan,Lindsey,1253,Contoso,Others,ydse@example.com,Rachelle Logan Lindsey,1951-03-23,Sunderland,US
726,Christina,NULL,Pittman,1725,Contoso,Male,wwusgbyj@example.com,Christina Pittman,1984-03-12,Bradford,US
614,Forrest,Marlin,Spence,2613,Contoso,Others,easzspg@example.com,Forrest Marlin Spence,1957-02-07,Eastbourne,US
875,Neal,NULL,Davila,2874,Contoso,Others,vwuohpj.tfifyezrn@example.com,Neal Davila,1994-05-08,Slough,US
948,Maurice,Benjiman,Owen,2947,Contoso,Female,afwkgle388@example.com,Maurice Benjiman Owen,1999-03-21,Brighton,US
974,Tracy,Arnulfo,Walls,2973,Contoso,Male,xvuog70@example.com,Tracy Arnulfo Walls,1952-11-02,Oldham,US
152,Rodolfo,Stephen,NULL,4151,Contoso,Male,tfbz.bksykg@example.com,Rodolfo Stephen NULL,1992-11-10,Birmingham,US
428,Mason,NULL,Vasquez,4427,Contoso,Male,vkrjnvz913@example.com,Mason Vasquez,1997-09-10,Birmingham,US
561,Jacob,NULL,Mahoney,4560,Contoso,Male,bycdvkrp.kqbyara@example.com,Jacob Mahoney,1982-01-04,Colchester,US
584,Latonya,Matt,Haley,4583,Contoso,Male,azpche.tsscui@example.com,Latonya Matt Haley,1957-01-08,BlaCronus Internationalburn,US
585,Stuart,Donovan,Leblanc,4584,Contoso,Male,cmergvs@example.com,Stuart Donovan Leblanc,1990-11-01,Cambridge,US
783,Allen,NULL,O'Connor,4782,Contoso,Female,yqda938@example.com,Allen O'Connor,1999-02-09,Exeter,US
810,Kendall,NULL,Dennis,4809,Contoso,Male,sljj614@example.com,Kendall Dennis,1994-04-17,Kingston upon Hull,US
219,Cassie,NULL,Osborn,5218,Contoso,Male,amuyvxb.dkstskzqj@example.com,Cassie Osborn,1959-06-17,West Bromwich,US
566,Jonathon,Judd,Steele,5565,Contoso,Others,ekptrnk.nlrczqaes@example.com,Jonathon Judd Steele,1989-02-28,York,US
695,Traci,NULL,StriCronus Internationalland,5694,Contoso,Others,asbkw.haaxgvt@example.com,Traci StriCronus Internationalland,1988-05-18,Bradford,US
792,Erica,NULL,Zamora,5791,Contoso,Others,fhhts.ebodey@example.com,Erica Zamora,1991-01-22,Brighton,US
961,Alyssa,Gregg,Pittman,5960,Contoso,Others,pniioyvv54@example.com,Alyssa Gregg Pittman,1987-11-20,Exeter,US
968,Don,NULL,Vasquez,5967,Contoso,Others,omgmtvj.doxeqecl@example.com,Don Vasquez,1997-10-21,St Helens,US
79,Malcolm,Gary,Grant,6078,Contoso,Others,fhtdf805@example.com,Malcolm Gary Grant,1951-01-03,NULL,US
496,Philip,Ron,English,6495,Contoso,Male,vujmsfk.dbmontxqh@example.com,Philip Ron English,1993-07-12,Leeds,US
637,Terence,NULL,Hogan,6636,Contoso,Male,ktobo.jizny@example.com,Terence Hogan,1991-01-15,Sheffield,US
810,Kendall,NULL,Dennis,6809,Contoso,Male,sljj614@example.com,Kendall Dennis,1994-04-17,Kingston upon Hull,US
144,Dale,Demarco,Lester,7143,Contoso,Male,kjdtfn.topxqms@example.com,Dale Demarco Lester,1959-06-29,Peterborough,US
214,ChadwiCronus International,NULL,Morton,7213,Contoso,Others,fbnpmfr604@example.com,ChadwiCronus International Morton,1951-04-09,Oxford,US
261,Whitney,Ted,Cantrell,7260,Contoso,Others,dfkrar.qjbwfhyb@example.com,Whitney Ted Cantrell,1995-04-02,Nottingham,US
290,Harold,Chance,Pittman,7289,Contoso,Male,agdrjwhk657@example.com,Harold Chance Pittman,1990-02-01,Sheffield,US
438,Sonja,NULL,Thompson,7437,Contoso,Male,risv8@example.com,Sonja Thompson,1999-12-24,Middlesbrough,US
543,Sheryl,NULL,Barry,7542,Contoso,Male,jpjavzyw.sokufq@example.com,Sheryl Barry,1999-03-21,Gloucester,US
700,Kenny,Eric,Santiago,7699,Contoso,Others,sdpik886@example.com,Kenny Eric Santiago,1993-01-28,Exeter,US
443,Claire,Lonny,Mc Intyre,8442,Contoso,Others,kjuccn@example.com,Claire Lonny Mc Intyre,1998-02-10,Manchester,US
853,Ethan,Kelly,Coleman,8852,Contoso,Male,nfvqyi47@example.com,Ethan Kelly Coleman,1997-11-19,Gloucester,US
928,Nicholas,NULL,Rivera,8927,Contoso,Others,rdvbhga@example.com,Nicholas Rivera,1997-10-12,Norwich,US
981,Patrice,Cristobal,Mc Lean,8980,Contoso,Male,plzrp680@example.com,Patrice Cristobal Mc Lean,1988-02-08,Bournemouth,US
466,Jodie,NULL,Whitney,9465,Contoso,Others,hxgm873@example.com,Jodie Whitney,1981-04-01,Crawley,US
560,Lee,NULL,Doyle,9559,Contoso,Others,sxtmp.pdhxrvrfb@example.com,Lee Doyle,1984-04-02,Portsmouth,US
688,Amelia,Che,Hardin,9687,Contoso,Others,wwazw.wdyyjetnre@example.com,Amelia Che Hardin,1999-11-22,Cambridge,US
852,Hope,Leif,Choi,9851,Contoso,Others,ehab.cvxpeocea@example.com,Hope Leif Choi,1994-06-11,Sutton Coldfield,US
940,Leticia,Clark,Hurley,9939,Contoso,Female,pkashbv.lbmgph@example.com,Leticia Clark Hurley,1981-04-19,Sutton Coldfield,US
