131,Walter,Jasen,Frye,130,Contoso,Male,nnhwecc.fewipwz@example.com,Walter Jasen Frye,1987-01-16,Bolton,US
834,Earl,Malcolm,Sanford,833,Contoso,Others,wyiaf32@example.com,Earl Malcolm Sanford,1951-06-06,Preston,US
143,Isabel,Rhett,Holland,1142,Contoso,Others,rter@example.com,Isabel Rhett Holland,1998-08-16,Nottingham,US
496,Philip,Ron,English,1495,Contoso,Male,vujmsfk.dbmontxqh@example.com,Philip Ron English,1993-07-12,Leeds,US
707,Rusty,Kelly,David,1706,Contoso,Female,rjldibca73@example.com,Rusty Kelly David,1992-11-07,Swindon,US
830,Clifford,Shad,Bonilla,1829,Contoso,Male,wkxcxqgi.cpjvlmcm@example.com,Clifford Shad Bonilla,1989-05-19,Bristol,US
870,Chester,Beau,Keith,1869,Contoso,Male,fbjk.jdpow@example.com,Chester Beau Keith,1987-04-21,Exeter,US
496,Philip,Ron,English,2495,Contoso,Male,vujmsfk.dbmontxqh@example.com,Philip Ron English,1993-07-12,Leeds,US
509,Ron,Kelly,Villanueva,2508,Contoso,Male,cxgisqp2@example.com,Ron Kelly Villanueva,1955-09-01,Peterborough,US
866,Toni,Noel,Wright,2865,Contoso,Male,mxxfn@example.com,Toni Noel Wright,1991-03-14,Wolverhampton,US
945,Courtney,Regan,Stanley,2944,Contoso,Others,sokqpfhf@example.com,Courtney Regan Stanley,1988-06-04,Norwich,US
986,Cristina,NULL,Montgomery,2985,Contoso,Others,rgjwhhvc@example.com,Cristina Montgomery,1986-12-05,Huddersfield,US
81,Keri,NULL,Shaffer,3080,Contoso,Others,biyi953@example.com,Keri Shaffer,1981-05-30,West Bromwich,US
436,Lakesha,Randal,Mcfarland,3435,Contoso,Male,yznexxy.nlfasr@example.com,Lakesha Randal Mcfarland,1985-10-06,Coventry,US
641,Hilary,NULL,Nunez,3640,Contoso,Male,wdoqwxmf@example.com,Hilary Nunez,1992-07-06,Reading,US
650,Deanna,NULL,Werner,3649,Contoso,Male,vnid.wqaezrxqjn@example.com,Deanna Werner,1995-06-03,Poole,US
827,Justin,Brain,Johnston,3826,Contoso,Male,irlbte25@example.com,Justin Brain Johnston,1993-02-15,Middlesbrough,US
879,Noah,Fidel,O'Neal,3878,Contoso,Others,mlobyk695@example.com,Noah Fidel O'Neal,1958-07-15,West Bromwich,US
918,Jesus,PatriCronus International,Hernandez,3917,Contoso,Male,rptguqa527@example.com,Jesus PatriCronus International Hernandez,1997-04-16,Oxford,US
937,Heather,NULL,Newton,3936,Contoso,Others,foqyarwx.emnkoy@example.com,Heather Newton,1994-06-17,Norwich,US
166,Belinda,NULL,Rojas,4165,Contoso,Male,mcitgob.amkfcart@example.com,Belinda Rojas,1987-04-17,Preston,US
203,Frankie,NULL,MCronus Internationalenzie,4202,Contoso,Male,yqsl.qujzoqyg@example.com,Frankie MCronus Internationalenzie,1999-02-03,Nottingham,US
217,Emma,NULL,Gamble,4216,Contoso,Male,xreg.sasbky@example.com,Emma Gamble,1991-02-14,Liverpool,US
243,Katrina,Roosevelt,Hodges,4242,Contoso,Male,dxkt45@example.com,Katrina Roosevelt Hodges,1998-09-30,Gloucester,US
702,Joanna,NULL,Mitchell,4701,Contoso,Male,kuqfbrh.kpcg@example.com,Joanna Mitchell,1994-09-11,Sutton Coldfield,US
838,Greg,NULL,Cantrell,4837,Contoso,Male,lozl@example.com,Greg Cantrell,1997-12-21,Poole,US
123,Ricardo,NULL,Arnold,5122,Contoso,Male,szfgyml.uqqriuvi@example.com,Ricardo Arnold,1998-02-28,Bournemouth,US
134,Charity,NULL,Wong,5133,Contoso,Male,ueyy.yyqziw@example.com,Charity Wong,1962-11-23,West Bromwich,US
180,Raquel,NULL,Bass,5179,Contoso,Others,rvxvhq.vqoltf@example.com,Raquel Bass,1990-09-21,Brighton,US
371,Anitra,Garrett,Davila,5370,Contoso,Others,uxbe@example.com,Anitra Garrett Davila,1987-03-29,Brighton,US
431,Dianna,NULL,Petty,5430,Contoso,Others,fhgagkor25@example.com,Dianna Petty,1989-03-28,Slough,US
473,Cheri,Ronny,Anthony,5472,Contoso,Others,tvfxfce.kdcjetkal@example.com,Cheri Ronny Anthony,1997-06-23,Luton,US
560,Lee,NULL,Doyle,5559,Contoso,Others,sxtmp.pdhxrvrfb@example.com,Lee Doyle,1984-04-02,Portsmouth,US
572,Eileen,Ryan,Ayers,5571,Contoso,Others,dyoojwna.pvdml@example.com,Eileen Ryan Ayers,1987-10-30,Peterborough,US
683,Alfonso,Edgar,Bond,5682,Contoso,Others,cosal682@example.com,Alfonso Edgar Bond,1998-05-05,Wolverhampton,US
207,Freddie,NULL,Raymond,6206,Contoso,Others,exlsvxim3@example.com,Freddie Raymond,1988-11-15,Crawley,US
295,Leah,NULL,Huang,6294,Contoso,Male,jybtax.natiix@example.com,Leah Huang,1994-08-24,Liverpool,US
394,Dora,NULL,Odom,6393,Contoso,Male,ophuvkc.jvlt@example.com,Dora Odom,1958-03-13,Manchester,US
553,Kari,Leland,Schroeder,6552,Contoso,Male,kuddqlt.maeidz@example.com,Kari Leland Schroeder,1998-05-24,Nottingham,US
276,Melody,Lamar,Leach,7275,Contoso,Male,maaaphi179@example.com,Melody Lamar Leach,1986-12-30,Manchester,US
283,Olga,NULL,Sanchez,7282,Contoso,Others,kaprr944@example.com,Olga Sanchez,1997-03-03,Eastbourne,US
318,Mitchell,NULL,Montes,7317,Contoso,Others,gyaoadt@example.com,Mitchell Montes,1999-08-07,Kingston upon Hull,US
352,Helen,Cecil,Stuart,7351,Contoso,Male,ocqe.hlevuvo@example.com,Helen Cecil Stuart,1983-12-27,BlaCronus Internationalburn,US
709,Cari,Elliot,Wiggins,7708,Contoso,Male,cmfbeoxr.pdgkiw@example.com,Cari Elliot Wiggins,1952-04-05,Newcastle upon Tyne,US
827,Justin,Brain,Johnston,7826,Contoso,Male,irlbte25@example.com,Justin Brain Johnston,1993-02-15,Middlesbrough,US
835,Marlon,Donte,Wise,7834,Contoso,Male,lfdbk@example.com,Marlon Donte Wise,1986-01-02,Gloucester,US
303,Marisol,Randy,Garza,8302,Contoso,Others,xaodiu.fwkeg@example.com,Marisol Randy Garza,1997-07-02,Brighton,US
404,Roxanne,NULL,Roth,8403,Contoso,Female,gpatcvl688@example.com,Roxanne Roth,1959-08-16,Birmingham,US
532,Gene,NULL,Holland,8531,Contoso,Others,kpyiyd.lzqq@example.com,Gene Holland,1987-11-14,Bradford,US
812,Corey,NULL,Calderon,8811,Contoso,Others,slalhsx.onkqffhrs@example.com,Corey Calderon,1986-04-30,Bournemouth,US
887,Charity,Jimmy,Sparks,8886,Contoso,Male,cufgqi@example.com,Charity Jimmy Sparks,1987-09-07,Gloucester,US
942,Theodore,Anthony,Lopez,8941,Contoso,Male,esfkss.tudvskd@example.com,Theodore Anthony Lopez,1990-12-04,Peterborough,US
56,Owen,Danial,Khan,9055,Contoso,Others,xrxcb17@example.com,Owen Danial Khan,1991-03-19,Gloucester,US
168,Nina,NULL,Mccann,9167,Contoso,Male,mdfj.yxkkjg@example.com,Nina Mccann,1997-02-27,Coventry,US
179,Lillian,NULL,Gibbs,9178,Contoso,Others,doebatc@example.com,Lillian Gibbs,1960-02-04,Preston,US
188,Lori,NULL,Navarro,9187,Contoso,Male,nvbnefo.wyng@example.com,Lori Navarro,1999-04-01,Reading,US
544,Brent,Avery,Gomez,9543,Contoso,Others,npvvtlw8@example.com,Brent Avery Gomez,1961-04-10,Wolverhampton,US
676,Maurice,NULL,Lester,9675,Contoso,Others,lhxq.jxfreop@example.com,Maurice Lester,1988-06-06,Crawley,US
700,Kenny,Eric,Santiago,9699,Contoso,Others,sdpik886@example.com,Kenny Eric Santiago,1993-01-28,Exeter,US
935,Donovan,NULL,Campos,9934,Contoso,Others,yrfmqa@example.com,Donovan Campos,1985-12-14,Bradford,US
