176,Brett,NULL,Costa,175,Contoso,Male,iyiiav.fpmhfvmatk@example.com,Brett Costa,1985-07-18,Ipswich,US
304,Loren,Kirk,Odom,303,Contoso,Others,gccavspc.jnzges@example.com,Loren Kirk Odom,1958-10-02,Manchester,US
372,PatriCronus International,Todd,Mc Connell,371,Contoso,Male,ufvsr.hwvxx@example.com,PatriCronus International Todd Mc Connell,1994-04-15,Northampton,US
736,Barry,NULL,Weeks,735,Contoso,Others,jrwekk.jwakmkrspn@example.com,Barry Weeks,1985-06-03,Watford,US
872,Trent,NULL,Kirby,871,Contoso,Female,nitvdqyk.ynvuexouc@example.com,Trent Kirby,1991-03-30,Wolverhampton,US
53,Mia,Kenneth,Rich,1052,Contoso,Others,tmey@example.com,Mia Kenneth Rich,1998-11-16,Dudley,US
128,Kristie,NULL,Roman,1127,Contoso,Others,wsfvreum.ddrxsrrv@example.com,Kristie Roman,1998-09-02,Nottingham,US
142,Derek,NULL,Murphy,1141,Contoso,Others,milm300@example.com,Derek Murphy,1988-12-11,Poole,US
846,Melvin,Myles,Montgomery,1845,Contoso,Male,wqlnhf.zwtzphnqb@example.com,Melvin Myles Montgomery,1981-02-12,Swindon,US
971,Sylvia,NULL,Wood,1970,Contoso,Others,cuxraucx017@example.com,Sylvia Wood,1990-05-22,Milton Keynes,US
991,PatriCronus International,Laron,Bird,1990,Contoso,Others,pbitkm.txcsmc@example.com,PatriCronus International Laron Bird,1990-07-18,Gloucester,US
28,Valerie,NULL,Brandt,2027,Contoso,Others,cqnbpoqd.ralgzkvu@example.com,Valerie Brandt,1999-01-29,Bolton,US
367,Ryan,NULL,Fisher,2366,Contoso,Others,jpgxqz36@example.com,Ryan Fisher,1984-01-03,Peterborough,US
374,KendriCronus International,NULL,Scott,2373,Contoso,Others,nsafjdt9@example.com,KendriCronus International Scott,1961-12-31,Sutton Coldfield,US
807,Clifford,Coy,Fernandez,2806,Contoso,Others,lgeett.dzokz@example.com,Clifford Coy Fernandez,1985-04-25,Luton,US
273,Kelli,Laurence,Ross,3272,Contoso,Male,fkkogyh.pfnwyb@example.com,Kelli Laurence Ross,1999-11-03,Wolverhampton,US
441,Virginia,NULL,Herman,3440,Contoso,Others,sqpqxgqd.uiiiwrzbu@example.com,Virginia Herman,1982-12-08,Southend-on-Sea,US
508,Shonda,Johnathon,Petty,3507,Contoso,Male,unyvek.vswg@example.com,Shonda Johnathon Petty,1998-03-15,Sunderland,US
614,Forrest,Marlin,Spence,3613,Contoso,Others,easzspg@example.com,Forrest Marlin Spence,1957-02-07,Eastbourne,US
862,Julius,Glenn,Wyatt,3861,Contoso,Others,cgkoizmy@example.com,Julius Glenn Wyatt,1995-11-17,Kingston upon Hull,US
319,Wallace,Jimmy,West,4318,Contoso,Others,lkzizg773@example.com,Wallace Jimmy West,1950-04-07,Coventry,US
517,Joey,Cameron,Mendez,4516,Contoso,Male,bfyunacd966@example.com,Joey Cameron Mendez,1992-11-07,Norwich,US
544,Brent,Avery,Gomez,4543,Contoso,Others,npvvtlw8@example.com,Brent Avery Gomez,1961-04-10,Wolverhampton,US
567,Edward,NULL,Cummings,4566,Contoso,Others,qslyqd50@example.com,Edward Cummings,1993-04-14,Cambridge,US
841,Kenya,Hugo,Small,4840,Contoso,Others,yoywnxj@example.com,Kenya Hugo Small,1993-09-07,Coventry,US
911,Nicolas,Donovan,Webb,4910,Contoso,Others,hikt4@example.com,Nicolas Donovan Webb,1988-02-05,Derby,US
110,Paula,NULL,Sims,5109,Contoso,Male,diywg.oscwgveoxl@example.com,Paula Sims,1995-07-15,Liverpool,US
160,BeCronus Internationaly,Kraig,Norman,5159,Contoso,Others,dksm.lncyuss@example.com,BeCronus Internationaly Kraig Norman,1983-06-19,Poole,US
514,Olivia,Ron,Bruce,5513,Contoso,Male,wrmgpg@example.com,Olivia Ron Bruce,1961-09-02,Norwich,US
950,MiCronus Internationaley,NULL,Jenkins,5949,Contoso,Male,fwcmwf1@example.com,MiCronus Internationaley Jenkins,1981-08-12,Oxford,US
330,Wallace,Lars,Hooper,6329,Contoso,Others,heofoq.tmztdyct@example.com,Wallace Lars Hooper,1992-04-27,York,US
389,Kristy,NULL,Horn,6388,Contoso,Male,esnrcxz.htkmjmeny@example.com,Kristy Horn,1952-05-13,StoCronus Internationalport,US
395,Alana,Franklin,Nguyen,6394,Contoso,Others,jiqpcc5@example.com,Alana Franklin Nguyen,1988-12-22,London,US
437,Felicia,Donovan,Humphrey,6436,Contoso,Male,bivv395@example.com,Felicia Donovan Humphrey,1995-06-28,Wolverhampton,US
735,Shawna,Genaro,Vincent,6734,Contoso,Others,laznpmce.kwfbbz@example.com,Shawna Genaro Vincent,1991-12-05,Derby,US
89,Jacob,Dan,Ochoa,7088,Contoso,Male,xbalosb.hfnvwafp@example.com,Jacob Dan Ochoa,1960-12-06,Leicester,US
120,Austin,NULL,Solis,7119,Contoso,Others,sgsfw.lxhgi@example.com,Austin Solis,1993-07-07,Wolverhampton,US
514,Olivia,Ron,Bruce,7513,Contoso,Male,wrmgpg@example.com,Olivia Ron Bruce,1961-09-02,Norwich,US
756,Matthew,Domingo,Bass,7755,Contoso,Male,jdvl733@example.com,Matthew Domingo Bass,1991-01-03,Gloucester,US
969,Latisha,Richie,Vance,7968,Contoso,Male,ixqx43@example.com,Latisha Richie Vance,1960-10-24,Portsmouth,US
47,Jessica,NULL,FrederiCronus International,8046,Contoso,Others,lnstlho.vptfukzny@example.com,Jessica FrederiCronus International,1988-09-15,Leeds,US
64,Brandon,NULL,Ramos,8063,Contoso,Others,ahrbttmk0@example.com,Brandon Ramos,1964-06-10,York,US
65,Nicole,Rodolfo,Meyers,8064,Contoso,Others,gikkn@example.com,Nicole Rodolfo Meyers,1986-03-09,Sunderland,US
158,Brandi,NULL,Paul,8157,Contoso,Male,hptfgv.drxuuqq@example.com,Brandi Paul,1997-05-06,London,US
333,Carl,NULL,Nixon,8332,Contoso,Male,nztaytkk47@example.com,Carl Nixon,1998-09-23,Birmingham,US
417,Sidney,NULL,Tyler,8416,Contoso,Others,msnwl.qtdtdqphe@example.com,Sidney Tyler,1985-06-09,Liverpool,US
672,Sabrina,Felix,Bird,8671,Contoso,Others,xkdeq27@example.com,Sabrina Felix Bird,1982-09-18,Reading,US
985,Oscar,NULL,Velez,8984,Contoso,Male,mkaqpjb@example.com,Oscar Velez,1995-04-12,Oxford,US
301,Jocelyn,Chance,Curtis,9300,Contoso,Male,pvwdboom.qslj@example.com,Jocelyn Chance Curtis,1995-11-26,Derby,US
447,Candace,NULL,Yates,9446,Contoso,Others,nzkvko.rpwifdgl@example.com,Candace Yates,1985-10-08,Dudley,US
501,Bruce,Bernardo,Mercer,9500,Contoso,Others,sjefqmbg151@example.com,Bruce Bernardo Mercer,1988-03-25,Milton Keynes,US
692,Rafael,NULL,George,9691,Contoso,Others,mwadoma@example.com,Rafael George,1995-05-03,Bradford,US
800,Shelby,Deangelo,Nelson,9799,Contoso,Others,noovhs@example.com,Shelby Deangelo Nelson,1985-11-16,Poole,US
