4,Jeffrey,NULL,Cole,3,Contoso,Others,jiuj8@example.com,Jeffrey Cole,1954-01-24,Southampton,US
191,Monte,Jeremie,Zhang,190,Contoso,Female,iauxput.nzgyg@example.com,Monte Jeremie Zhang,1982-03-22,Nottingham,US
291,Jonathon,Darren,Harmon,290,Contoso,Others,rbrokqq.mqqsd@example.com,Jonathon Darren Harmon,1985-05-17,Swindon,US
578,Forrest,Homer,Adams,577,Contoso,Others,tkoylq7@example.com,Forrest Homer Adams,1997-04-28,Newcastle upon Tyne,US
857,Patricia,Melvin,Pace,856,Contoso,Male,ilwapa9@example.com,Patricia Melvin Pace,1984-08-29,Wolverhampton,US
3,Erika,NULL,English,1002,Contoso,Male,nxzrwjqt400@example.com,Erika English,1997-11-19,Northampton,US
31,Sabrina,Domingo,Johnson,1030,Contoso,Male,geogqayk2@example.com,Sabrina Domingo Johnson,1981-07-16,Coventry,US
58,Colby,NULL,Yu,1057,Contoso,Others,trvseucv.rdlcq@example.com,Colby Yu,1997-10-20,Watford,US
290,Harold,Chance,Pittman,1289,Contoso,Male,agdrjwhk657@example.com,Harold Chance Pittman,1990-02-01,Sheffield,US
331,Lloyd,Pete,Krause,1330,Contoso,Others,ucjdyt.wgvl@example.com,Lloyd Pete Krause,1994-04-22,Portsmouth,US
516,Marsha,Isidro,French,1515,Contoso,Others,futbcwdm.vgib@example.com,Marsha Isidro French,1993-12-18,Sutton Coldfield,US
646,ChadwiCronus International,Eugene,Mullen,1645,Contoso,Male,wmysdf878@example.com,ChadwiCronus International Eugene Mullen,1994-02-15,Liverpool,US
662,Telly,Brain,Cruz,1661,Contoso,Male,jdkx@example.com,Telly Brain Cruz,1993-10-19,Poole,US
736,Barry,NULL,Weeks,1735,Contoso,Others,jrwekk.jwakmkrspn@example.com,Barry Weeks,1985-06-03,Watford,US
869,Marianne,Clinton,Trevino,1868,Contoso,Others,ndrojlz581@example.com,Marianne Clinton Trevino,1956-10-24,Exeter,US
39,DarriCronus International,NULL,Goodman,2038,Contoso,Female,fdxdyi370@example.com,DarriCronus International Goodman,1964-10-15,West Bromwich,US
535,Heath,NULL,Novak,2534,Contoso,Others,ipwzqn@example.com,Heath Novak,1986-04-30,Huddersfield,US
564,Jared,NULL,Logan,2563,Contoso,Others,uyciwav@example.com,Jared Logan,1956-04-28,Southampton,US
604,Margaret,Landon,Mc Millan,2603,Contoso,Male,rxgt8@example.com,Margaret Landon Mc Millan,1956-03-12,BlaCronus Internationalpool,US
63,Kara,Marcellus,Morrow,3062,Contoso,Male,jysls2@example.com,Kara Marcellus Morrow,1998-07-30,Cambridge,US
279,Dylan,Clay,Snow,3278,Contoso,Others,ttvoa.oajuhipg@example.com,Dylan Clay Snow,1962-09-08,Coventry,US
322,Clifford,Emmett,Cox,3321,Contoso,Male,leegw.hrpv@example.com,Clifford Emmett Cox,1993-03-05,Bolton,US
499,Tabatha,Torrey,Mc Dowell,3498,Contoso,Others,zdrdxuty.uamvqw@example.com,Tabatha Torrey Mc Dowell,1960-07-27,Newcastle upon Tyne,US
648,Brandy,NULL,Fletcher,3647,Contoso,Others,rxygsas.lvobyf@example.com,Brandy Fletcher,1999-08-31,Peterborough,US
980,Sergio,NULL,Ramos,3979,Contoso,Male,ynjmi.gtae@example.com,Sergio Ramos,1984-12-23,Southampton,US
177,Maggie,Carson,Gamble,4176,Contoso,Others,xlpwempd.jiwrozvmi@example.com,Maggie Carson Gamble,1986-11-05,Birmingham,US
285,Charlie,Earnest,Barajas,4284,Contoso,Others,nfugs14@example.com,Charlie Earnest Barajas,1984-08-12,Sheffield,US
854,Gena,Jamel,Conner,4853,Contoso,Others,ommsdycw0@example.com,Gena Jamel Conner,1953-02-25,Rotherham,US
860,Harold,Isidro,Thornton,4859,Contoso,Female,eudyzt.fzwdbhp@example.com,Harold Isidro Thornton,1983-04-15,Oxford,US
65,Nicole,Rodolfo,Meyers,5064,Contoso,Others,gikkn@example.com,Nicole Rodolfo Meyers,1986-03-09,Sunderland,US
322,Clifford,Emmett,Cox,5321,Contoso,Male,leegw.hrpv@example.com,Clifford Emmett Cox,1993-03-05,Bolton,US
382,Colby,Andy,Serrano,5381,Contoso,Male,ojrpm9@example.com,Colby Andy Serrano,1982-04-30,Plymouth,US
534,Tamiko,Victor,Silva,5533,Contoso,Others,yqrxrm.rvyasyku@example.com,Tamiko Victor Silva,1953-01-29,Ipswich,US
593,Dan,Mitchell,Curtis,5592,Contoso,Male,ehcjge8@example.com,Dan Mitchell Curtis,1997-06-11,BlaCronus Internationalpool,US
945,Courtney,Regan,Stanley,5944,Contoso,Others,sokqpfhf@example.com,Courtney Regan Stanley,1988-06-04,Norwich,US
977,Felicia,Conrad,Barnes,5976,Contoso,Others,exrxxltr.nnrqzzoga@example.com,Felicia Conrad Barnes,1994-08-08,Nottingham,US
630,Geoffrey,Tyler,Perkins,6629,Contoso,Others,ljycyc.mfuy@example.com,Geoffrey Tyler Perkins,1987-10-30,BlaCronus Internationalburn,US
168,Nina,NULL,Mccann,7167,Contoso,Male,mdfj.yxkkjg@example.com,Nina Mccann,1997-02-27,Coventry,US
221,Roberto,Phillip,Patel,7220,Contoso,Others,hctqbny.czsxbynqd@example.com,Roberto Phillip Patel,1983-08-06,Brighton,US
254,Rachelle,Logan,Lindsey,7253,Contoso,Others,ydse@example.com,Rachelle Logan Lindsey,1951-03-23,Sunderland,US
788,Gavin,Marc,Zuniga,7787,Contoso,Male,pwmirnvm6@example.com,Gavin Marc Zuniga,1998-10-31,Reading,US
102,Marcus,NULL,Abbott,8101,Contoso,Male,pkvq.fmgboprgnw@example.com,Marcus Abbott,1982-08-10,Bournemouth,US
251,Claude,Forest,Moyer,8250,Contoso,Others,ovxtcis74@example.com,Claude Forest Moyer,1982-07-21,Southampton,US
295,Leah,NULL,Huang,8294,Contoso,Male,jybtax.natiix@example.com,Leah Huang,1994-08-24,Liverpool,US
703,Olga,Liam,Bell,8702,Contoso,Others,ixbbxjoo7@example.com,Olga Liam Bell,1998-07-05,Newcastle upon Tyne,US
791,Lawanda,Gino,Michael,8790,Contoso,Male,kpxg7@example.com,Lawanda Gino Michael,1986-12-19,Birmingham,US
833,PatriCronus International,NULL,Mcintosh,8832,Contoso,Others,cbwy.tasg@example.com,PatriCronus International Mcintosh,1997-11-14,Stoke-on-Trent,US
980,Sergio,NULL,Ramos,8979,Contoso,Male,ynjmi.gtae@example.com,Sergio Ramos,1984-12-23,Southampton,US
280,Marilyn,NULL,Berry,9279,Contoso,Others,bshgpeb97@example.com,Marilyn Berry,1990-07-31,Northampton,US
290,Harold,Chance,Pittman,9289,Contoso,Male,agdrjwhk657@example.com,Harold Chance Pittman,1990-02-01,Sheffield,US
365,Luke,Kenton,Pham,9364,Contoso,Others,hxop1@example.com,Luke Kenton Pham,1994-04-20,Nottingham,US
371,Anitra,Garrett,Davila,9370,Contoso,Others,uxbe@example.com,Anitra Garrett Davila,1987-03-29,Brighton,US
652,Barry,NULL,Golden,9651,Contoso,Others,axkfyxd.kwaeqzbwk@example.com,Barry Golden,1983-06-03,Leeds,US
