2,Jami,Watts,NULL,Jami Watts,1,11/1/1989
214,Chadwick,Morton,NULL,Chadwick Morton,213,4/9/1951
238,Candice,Thompson,Arnulfo,Candice Arnulfo Thompson,237,9/23/1999
314,Kristie,Buck,Jarrett,Kristie Jarrett Buck,313,10/1/1964
525,Rose,Williams,Darin,Rose Darin Williams,524,11/29/1984
187,Joyce,Vargas,Clark,Joyce Clark Vargas,1186,11/17/1986
237,Robin,Wright,NULL,Robin Wright,1236,1/23/1986
297,Lorena,Hickman,Jeremy,Lorena Jeremy Hickman,1296,7/4/1983
300,Enrique,Adams,NULL,Enrique Adams,1299,9/7/1990
924,Misti,Moody,Ira,Misti Ira Moody,1923,1/10/1959
669,Rafael,Douglas,NULL,Rafael Douglas,2668,10/17/1959
689,Rolando,Cordova,NULL,Rolando Cordova,2688,3/6/1958
879,Noah,O'Neal,Fidel,Noah Fidel O'Neal,2878,7/15/1958
56,Owen,Khan,Danial,Owen Danial Khan,3055,3/19/1991
63,Kara,Morrow,Marcellus,Kara Marcellus Morrow,3062,7/30/1998
148,Antoine,Collins,NULL,Antoine Collins,3147,9/11/1999
446,Quentin,Howell,William,Quentin William Howell,3445,4/6/1981
464,Misti,Hoffman,Stephen,Misti Stephen Hoffman,3463,10/19/1961
180,Raquel,Bass,NULL,Raquel Bass,4179,9/21/1990
410,Traci,Gordon,NULL,Traci Gordon,4409,11/13/1989
521,Robbie,Li,NULL,Robbie Li,4520,7/23/1983
584,Latonya,Haley,Matt,Latonya Matt Haley,4583,1/8/1957
626,Marcella,Potts,NULL,Marcella Potts,4625,6/5/1985
773,Sonya,Daniels,NULL,Sonya Daniels,4772,11/27/1998
808,Alma,Meyer,Tim,Alma Tim Meyer,4807,2/14/1997
913,Josh,NULL,Dejuan,Josh Dejuan NULL,4912,1/16/1997
959,Mickey,Santos,Theodore,Mickey Theodore Santos,4958,1/28/1956
962,Dora,Rush,Leo,Dora Leo Rush,4961,4/9/1984
78,Allyson,Bradshaw,Jeffry,Allyson Jeffry Bradshaw,5077,3/16/1997
115,Joanna,Parker,NULL,Joanna Parker,5114,10/25/1986
260,James,Clay,Rob,James Rob Clay,5259,12/8/1985
352,Helen,Stuart,Cecil,Helen Cecil Stuart,5351,12/27/1983
535,Heath,Novak,NULL,Heath Novak,5534,4/30/1986
686,Telly,Herring,Frankie,Telly Frankie Herring,5685,11/12/1994
729,Joshua,Yang,Laurence,Joshua Laurence Yang,5728,3/25/1957
763,Shawn,Martin,Demetrius,Shawn Demetrius Martin,5762,8/29/1999
794,Alfred,Singh,Jed,Alfred Jed Singh,5793,2/18/1956
957,Victor,Clements,Sebastian,Victor Sebastian Clements,5956,12/7/1981
234,Evan,Stone,NULL,Evan Stone,6233,7/5/1964
295,Leah,Huang,NULL,Leah Huang,6294,8/24/1994
379,Stanley,Lyons,Michale,Stanley Michale Lyons,6378,12/29/1960
408,Casey,Church,Lamar,Casey Lamar Church,6407,6/8/1997
563,Joyce,Oliver,Vincenzo,Joyce Vincenzo Oliver,6562,6/13/1998
694,Noel,Peterson,Rigoberto,Noel Rigoberto Peterson,6693,6/23/1960
826,Jill,Campos,Norman,Jill Norman Campos,6825,12/13/1989
876,Alfonso,Tyler,NULL,Alfonso Tyler,6875,2/21/1983
967,Kristian,Shah,NULL,Kristian Shah,6966,2/2/1995
236,Angelique,Meadows,Aubrey,Angelique Aubrey Meadows,7235,1/8/1993
361,Teddy,Gonzalez,Laurence,Teddy Laurence Gonzalez,7360,2/4/1988
372,Patrick,Mc Connell,Todd,Patrick Todd Mc Connell,7371,4/15/1994
636,Terry,Odom,NULL,Terry Odom,7635,11/30/1981
43,Suzanne,White,Wade,Suzanne Wade White,8042,6/19/1999
211,Nakia,French,NULL,Nakia French,8210,6/11/1984
663,Amanda,Riley,NULL,Amanda Riley,8662,9/25/1998
825,Krista,Gibson,NULL,Krista Gibson,8824,10/29/1987
828,Mindy,Noble,James,Mindy James Noble,8827,11/10/1999
338,Marianne,James,Kristin,Marianne Kristin James,9337,1/14/1997
566,Jonathon,Steele,Judd,Jonathon Judd Steele,9565,2/28/1989
850,Shonda,Kramer,NULL,Shonda Kramer,9849,11/12/1989
914,Emily,Reynolds,Todd,Emily Todd Reynolds,9913,7/11/1961
991,Patrick,Bird,Laron,Patrick Laron Bird,9990,7/18/1990
