545,Jesus,NULL,Chadwick,JesusChadwickNULL,544,10/27/1991
709,Cari,Wiggins,Elliot,CariElliotWiggins,708,4/5/1952
214,Chadwick,Morton,NULL,ChadwickMorton,1213,4/9/1951
289,Jonathan,Thompson,Tracey,JonathanTraceyThompson,1288,8/17/1963
425,Ian,Perry,Joey,IanJoeyPerry,1424,12/3/1995
585,Stuart,Leblanc,Donovan,StuartDonovanLeblanc,1584,11/1/1990
968,Don,Vasquez,NULL,DonVasquez,1967,10/21/1997
458,Chrystal,Braun,Ian,ChrystalIanBraun,2457,9/15/1997
491,Olga,Short,Damond,OlgaDamondShort,2490,9/18/1992
612,Jolene,Hicks,Tarik,JoleneTarikHicks,2611,4/8/1988
949,Sonja,Snow,Rahsaan,SonjaRahsaanSnow,2948,1/17/1957
169,Lloyd,Rosario,Osvaldo,LloydOsvaldoRosario,3168,6/27/1956
596,Maggie,Stewart,Taurus,MaggieTaurusStewart,3595,8/23/1994
802,Devon,Weeks,Shawn,DevonShawnWeeks,3801,9/17/1993
111,Amanda,Watts,Mathew,AmandaMathewWatts,4110,11/26/1991
303,Marisol,Garza,Randy,MarisolRandyGarza,4302,7/2/1997
720,Penny,Maddox,NULL,PennyMaddox,4719,10/29/1994
812,Corey,Calderon,NULL,CoreyCalderon,4811,4/30/1986
835,Marlon,Wise,Donte,MarlonDonteWise,4834,1/2/1986
909,Dwight,Fernandez,NULL,DwightFernandez,4908,1/30/1951
267,Kellie,Foster,NULL,KellieFoster,5266,6/23/1981
273,Kelli,Ross,Laurence,KelliLaurenceRoss,5272,11/3/1999
335,Joanne,Rowland,NULL,JoanneRowland,5334,7/11/1982
337,Theresa,Quinn,Bryan,TheresaBryanQuinn,5336,9/1/1981
441,Virginia,Herman,NULL,VirginiaHerman,5440,12/8/1982
449,Earnest,Neal,Lenny,EarnestLennyNeal,5448,3/13/1960
203,Frankie,Mckenzie,NULL,FrankieMckenzie,6202,2/3/1999
610,Raquel,Morrison,Benji,RaquelBenjiMorrison,6609,7/5/1993
613,Earnest,Arroyo,Jeffery,EarnestJefferyArroyo,6612,8/13/1999
925,Jason,Stanley,NULL,JasonStanley,6924,4/18/1994
3,Erika,English,NULL,ErikaEnglish,7002,11/19/1997
278,Bobbie,Thornton,Kendrick,BobbieKendrickThornton,7277,4/4/1999
505,Kirsten,Henderson,NULL,KirstenHenderson,7504,5/21/1985
794,Alfred,Singh,Jed,AlfredJedSingh,7793,2/18/1956
819,Annie,Cummings,Vance,AnnieVanceCummings,7818,6/10/1963
888,Eli,Ross,NULL,EliRoss,7887,11/23/1998
911,Nicolas,Webb,Donovan,NicolasDonovanWebb,7910,2/5/1988
104,Drew,Little,Marion,DrewMarionLittle,8103,5/29/1957
177,Maggie,Gamble,Carson,MaggieCarsonGamble,8176,11/5/1986
370,Allan,Watson,David,AllanDavidWatson,8369,5/15/1991
463,Jaime,Cisneros,Dewey,JaimeDeweyCisneros,8462,2/2/1999
112,Anne,Conway,Felix,AnneFelixConway,9111,3/12/1981
130,James,Ali,Donny,JamesDonnyAli,9129,2/17/1995
139,Ty,Clements,NULL,TyClements,9138,12/7/1953
239,Sheri,Aguirre,NULL,SheriAguirre,9238,10/7/1958
252,Jonathan,Lindsey,Henry,JonathanHenryLindsey,9251,6/5/1990
359,Stanley,Blake,Guadalupe,StanleyGuadalupeBlake,9358,7/23/1964
365,Luke,Pham,Kenton,LukeKentonPham,9364,4/20/1994
436,Lakesha,Mcfarland,Randal,LakeshaRandalMcfarland,9435,10/6/1985
668,Pamela,Mc Knight,NULL,PamelaMc Knight,9667,12/27/1999
813,Victoria,Lang,NULL,VictoriaLang,9812,1/16/1999
