234,Evan,Stone,NULL,Evan Stone,233,7/5/1964
358,Sandy,Beltran,Russel,Sandy Russel Beltran,357,6/11/1997
294,Jared,Potts,NULL,Jared Potts,1293,6/6/1961
382,Colby,Serrano,Andy,Colby Andy Serrano,1381,4/30/1982
417,Sidney,Tyler,NULL,Sidney Tyler,1416,6/9/1985
699,Marie,Gallegos,Silas,Marie Silas Gallegos,1698,7/18/1956
754,Jeanne,Sawyer,NULL,Jeanne Sawyer,1753,11/10/1950
768,Natasha,Johns,Silas,Natasha Silas Johns,1767,8/1/1997
157,Erica,Gardner,Sidney,Erica Sidney Gardner,2156,8/11/1986
508,Shonda,Petty,Johnathon,Shonda Johnathon Petty,2507,3/15/1998
127,Lonnie,Bradford,Jefferson,Lonnie Jefferson Bradford,3126,7/7/1986
349,Shana,Haynes,NULL,Shana Haynes,3348,2/26/1954
532,Gene,Holland,NULL,Gene Holland,3531,11/14/1987
611,Peter,Juarez,NULL,Peter Juarez,3610,7/19/1981
724,Travis,Savage,NULL,Travis Savage,3723,2/28/1955
948,Maurice,Owen,Benjiman,Maurice Benjiman Owen,3947,3/21/1999
81,Keri,Shaffer,NULL,Keri Shaffer,4080,5/30/1981
206,Ismael,Cline,Eugene,Ismael Eugene Cline,4205,2/9/1985
282,Antonio,Vincent,Lemuel,Antonio Lemuel Vincent,5281,8/28/1992
415,Glenda,Sutton,Julian,Glenda Julian Sutton,5414,12/15/1994
545,Jesus,NULL,Chadwick,Jesus Chadwick NULL,5544,10/27/1991
813,Victoria,Lang,NULL,Victoria Lang,5812,1/16/1999
830,Clifford,Bonilla,Shad,Clifford Shad Bonilla,5829,5/19/1989
970,Christi,Carter,NULL,Christi Carter,5969,10/10/1986
394,Dora,Odom,NULL,Dora Odom,7393,3/13/1958
458,Chrystal,Braun,Ian,Chrystal Ian Braun,7457,9/15/1997
653,Rickey,Little,NULL,Rickey Little,7652,8/26/1999
740,Leonard,Chung,Greg,Leonard Greg Chung,7739,6/24/1981
365,Luke,Pham,Kenton,Luke Kenton Pham,8364,4/20/1994
843,Damian,Adams,NULL,Damian Adams,8842,7/2/1997
956,Johanna,Santana,NULL,Johanna Santana,8955,12/9/1981
600,Levi,Klein,Raymond,Levi Raymond Klein,9599,1/13/1981
738,Bradley,Serrano,Douglas,Bradley Douglas Serrano,9737,9/26/1999
852,Hope,Choi,Leif,Hope Leif Choi,9851,6/11/1994
