267,Kellie,Foster,NULL,Kellie Foster,266,6/23/1981
272,Corey,Hinton,Gerard,Corey Gerard Hinton,271,4/3/1994
287,Christine,Holt,Gonzalo,Christine Gonzalo Holt,286,8/14/1986
296,Tyler,Horne,NULL,Tyler Horne,295,11/3/1990
298,Katherine,Mc Daniel,Lloyd,Katherine Lloyd Mc Daniel,297,8/12/1999
380,Yesenia,Patterson,Russell,Yesenia Russell Patterson,379,12/2/1986
435,Herbert,Finley,NULL,Herbert Finley,434,9/25/1994
711,Angelo,Krause,Lyle,Angelo Lyle Krause,710,6/29/1984
719,Darrell,Gillespie,George,Darrell George Gillespie,718,7/20/1951
794,Alfred,Singh,Jed,Alfred Jed Singh,793,2/18/1956
941,Janice,Nixon,NULL,Janice Nixon,940,6/13/1993
117,Joey,Tate,Carroll,Joey Carroll Tate,1116,2/27/1993
193,Norma,Hodge,Fabian,Norma Fabian Hodge,1192,9/25/1999
23,Joni,Rowe,Shelby,Joni Shelby Rowe,2022,6/10/1997
209,Sherman,Hinton,Angelo,Sherman Angelo Hinton,2208,6/15/1955
326,Isaac,Dickson,Keith,Isaac Keith Dickson,2325,4/29/1993
726,Christina,Pittman,NULL,Christina Pittman,3725,3/12/1984
729,Joshua,Yang,Laurence,Joshua Laurence Yang,4728,3/25/1957
56,Owen,Khan,Danial,Owen Danial Khan,5055,3/19/1991
275,Bryce,Hurley,Bobbie,Bryce Bobbie Hurley,5274,5/22/1993
388,Warren,Gonzalez,NULL,Warren Gonzalez,5387,1/1/1998
755,Randall,Hartman,Dana,Randall Dana Hartman,5754,8/30/1983
575,Lashonda,Walsh,NULL,Lashonda Walsh,6574,5/28/1984
761,Roger,Harper,Gary,Roger Gary Harper,6760,4/23/1991
829,Nikki,Williamson,NULL,Nikki Williamson,6828,7/16/1955
834,Earl,Sanford,Malcolm,Earl Malcolm Sanford,6833,6/6/1951
748,Joan,Mccann,NULL,Joan Mccann,7747,9/25/1999
791,Lawanda,Michael,Gino,Lawanda Gino Michael,7790,12/19/1986
930,Lucas,Petersen,NULL,Lucas Petersen,7929,6/21/1990
97,Scott,Dawson,NULL,Scott Dawson,8096,4/25/1981
384,Curtis,Sandoval,NULL,Curtis Sandoval,8383,10/23/1960
609,Erika,Adams,NULL,Erika Adams,8608,2/1/1953
159,Brett,Kelly,NULL,Brett Kelly,9158,1/23/1959
507,William,Mc Neil,Arnoldo,William Arnoldo Mc Neil,9506,1/12/1987
881,Chandra,Yu,Sheldon,Chandra Sheldon Yu,9880,2/16/1982
