62,Anita,Christian,NULL,Anita Christian,61,12/24/1994
237,Robin,Wright,NULL,Robin Wright,236,1/23/1986
372,Patrick,Mc Connell,Todd,Patrick Todd Mc Connell,371,4/15/1994
783,Allen,O'Connor,NULL,Allen O'Connor,782,2/9/1999
875,Neal,Davila,NULL,Neal Davila,874,5/8/1994
423,Louis,Bennett,NULL,Louis Bennett,1422,1/12/1999
487,Mandy,Walton,Lonnie,Mandy Lonnie Walton,1486,9/2/1987
645,Dawn,Barnett,NULL,Dawn Barnett,1644,8/29/1993
780,Bryon,Santana,Quincy,Bryon Quincy Santana,1779,12/29/1983
836,Wade,Navarro,Luther,Wade Luther Navarro,1835,4/17/1992
952,Ernesto,Arroyo,NULL,Ernesto Arroyo,1951,3/9/1993
53,Mia,Rich,Kenneth,Mia Kenneth Rich,2052,11/16/1998
92,Dewayne,Kent,NULL,Dewayne Kent,2091,7/31/1981
155,Tisha,Sawyer,NULL,Tisha Sawyer,2154,4/28/1991
357,Bridgett,Green,Kelley,Bridgett Kelley Green,2356,8/5/1989
608,Sylvia,Garza,Norman,Sylvia Norman Garza,2607,3/23/1997
665,Dina,Rocha,NULL,Dina Rocha,2664,7/4/1981
895,Carey,Contreras,Trent,Carey Trent Contreras,2894,7/12/1988
113,Shad,Burns,NULL,Shad Burns,3112,1/17/1998
116,Alexander,Cooke,NULL,Alexander Cooke,3115,5/20/1986
271,Guillermo,Carrillo,Shelton,Guillermo Shelton Carrillo,4270,3/1/1993
328,Scot,Soto,NULL,Scot Soto,4327,7/15/1999
420,Damon,Crosby,Jarred,Damon Jarred Crosby,4419,9/1/1995
512,Cassandra,Baker,Cary,Cassandra Cary Baker,4511,9/1/1986
604,Margaret,Mc Millan,Landon,Margaret Landon Mc Millan,4603,3/12/1956
644,Toby,Alvarado,Stewart,Toby Stewart Alvarado,4643,4/28/1960
934,Tiffany,Carr,NULL,Tiffany Carr,4933,8/21/1958
974,Tracy,Walls,Arnulfo,Tracy Arnulfo Walls,4973,11/2/1952
976,Virgil,Gilbert,NULL,Virgil Gilbert,4975,1/11/1991
107,Marisa,Martin,Tyson,Marisa Tyson Martin,5106,1/6/1981
197,Kyle,Sanders,Phillip,Kyle Phillip Sanders,5196,5/9/1986
213,Joy,Davila,Will,Joy Will Davila,5212,1/24/1997
517,Joey,Mendez,Cameron,Joey Cameron Mendez,5516,11/7/1992
727,Carl,Gay,Dominique,Carl Dominique Gay,5726,5/9/1981
93,Ivan,Marks,Kelvin,Ivan Kelvin Marks,6092,4/13/1999
272,Corey,Hinton,Gerard,Corey Gerard Hinton,6271,4/3/1994
359,Stanley,Blake,Guadalupe,Stanley Guadalupe Blake,6358,7/23/1964
422,Diane,Huff,NULL,Diane Huff,6421,11/18/1993
821,Katina,Buchanan,NULL,Katina Buchanan,6820,7/30/1993
324,Tera,Craig,Eddie,Tera Eddie Craig,7323,7/25/1959
328,Scot,Soto,NULL,Scot Soto,7327,7/15/1999
340,Candace,James,NULL,Candace James,7339,1/26/1989
686,Telly,Herring,Frankie,Telly Frankie Herring,7685,11/12/1994
904,Raymond,Downs,NULL,Raymond Downs,7903,5/10/1956
111,Amanda,Watts,Mathew,Amanda Mathew Watts,8110,11/26/1991
491,Olga,Short,Damond,Olga Damond Short,8490,9/18/1992
742,Ty,Rangel,NULL,Ty Rangel,8741,1/14/1984
824,Clint,Yang,NULL,Clint Yang,8823,5/16/1954
972,Cindy,Acevedo,NULL,Cindy Acevedo,8971,9/20/1983
1,Ginger,Huang,Alfred,Ginger Alfred Huang,9000,5/1/1985
323,Shannon,Mc Intyre,NULL,Shannon Mc Intyre,9322,8/17/1999
441,Virginia,Herman,NULL,Virginia Herman,9440,12/8/1982
633,Stacie,Hancock,NULL,Stacie Hancock,9632,6/18/1999
727,Carl,Gay,Dominique,Carl Dominique Gay,9726,5/9/1981
