361,Contoso,Teddy,Laurence,Gonzalez,Teddy Laurence Gonzalez,360,2/4/1988
383,Contoso,Lonnie,NULL,Mccann,Lonnie Mccann,382,1/3/1999
505,Contoso,Kirsten,NULL,Henderson,Kirsten Henderson,504,5/21/1985
589,Contoso,Francisco,Dwight,Roth,Francisco Dwight Roth,588,2/22/1960
797,Contoso,Nikki,NULL,Kent,Nikki Kent,796,4/24/1991
963,Contoso,Becky,Randal,Newton,Becky Randal Newton,962,2/7/1999
45,Contoso,Anthony,Israel,Mc Intyre,Anthony Israel Mc Intyre,1044,12/4/1981
178,Contoso,Jessica,Calvin,Abbott,Jessica Calvin Abbott,1177,4/12/1998
621,Contoso,Brent,NULL,Curry,Brent Curry,1620,10/29/1994
635,Contoso,Mickey,NULL,Savage,Mickey Savage,1634,6/20/1987
824,Contoso,Clint,NULL,Yang,Clint Yang,1823,5/16/1954
116,Contoso,Alexander,NULL,Cooke,Alexander Cooke,2115,5/20/1986
587,Contoso,Leonardo,Jefferson,Cherry,Leonardo Jefferson Cherry,2586,2/16/1987
928,Contoso,Nicholas,NULL,Rivera,Nicholas Rivera,2927,10/12/1997
956,Contoso,Johanna,NULL,Santana,Johanna Santana,2955,12/9/1981
38,Contoso,Bryce,NULL,Frank,Bryce Frank,3037,11/30/1997
223,Contoso,Erica,NULL,Mora,Erica Mora,3222,11/28/1997
599,Contoso,Stacy,NULL,Potter,Stacy Potter,3598,1/12/1955
718,Contoso,Shelby,Coby,Wells,Shelby Coby Wells,3717,12/31/1997
916,Contoso,Dominic,NULL,Clarke,Dominic Clarke,3915,12/29/1984
165,Contoso,Dena,NULL,Hoffman,Dena Hoffman,4164,1/19/1992
279,Contoso,Dylan,Clay,Snow,Dylan Clay Snow,4278,9/8/1962
417,Contoso,Sidney,NULL,Tyler,Sidney Tyler,4416,6/9/1985
547,Contoso,Lillian,NULL,Lang,Lillian Lang,4546,12/16/1982
936,Contoso,Leon,Timmy,Conrad,Leon Timmy Conrad,4935,1/31/1995
58,Contoso,Colby,NULL,Yu,Colby Yu,5057,10/20/1997
122,Contoso,Kent,NULL,Rubio,Kent Rubio,5121,6/19/1992
124,Contoso,Kara,NULL,Gillespie,Kara Gillespie,5123,9/7/1963
366,Contoso,Calvin,NULL,Conner,Calvin Conner,5365,9/30/1987
398,Contoso,Bryce,Dave,NULL,Bryce Dave NULL,5397,12/19/1997
558,Contoso,Jimmy,NULL,Mitchell,Jimmy Mitchell,5557,4/9/1999
16,Contoso,Barry,NULL,Wade,Barry Wade,6015,7/19/1983
35,Contoso,Edgar,NULL,Chan,Edgar Chan,6034,4/1/1984
150,Contoso,Gina,Eliseo,Rollins,Gina Eliseo Rollins,6149,10/2/1981
226,Contoso,Mickey,Jerry,Odonnell,Mickey Jerry Odonnell,6225,11/4/1995
279,Contoso,Dylan,Clay,Snow,Dylan Clay Snow,6278,9/8/1962
303,Contoso,Marisol,Randy,Garza,Marisol Randy Garza,6302,7/2/1997
395,Contoso,Alana,Franklin,Nguyen,Alana Franklin Nguyen,6394,12/22/1988
644,Contoso,Toby,Stewart,Alvarado,Toby Stewart Alvarado,6643,4/28/1960
865,Contoso,Darius,NULL,Moses,Darius Moses,6864,5/13/1988
63,Contoso,Kara,Marcellus,Morrow,Kara Marcellus Morrow,7062,7/30/1998
654,Contoso,Billy,NULL,Woodward,Billy Woodward,7653,6/11/1963
659,Contoso,Dustin,Gordon,Key,Dustin Gordon Key,7658,5/11/1952
779,Contoso,Amber,NULL,Madden,Amber Madden,7778,5/22/1954
844,Contoso,Howard,Darrel,Alvarado,Howard Darrel Alvarado,7843,4/12/1950
851,Contoso,Cherie,Michelle,Shelton,Cherie Michelle Shelton,7850,3/1/1985
872,Contoso,Trent,NULL,Kirby,Trent Kirby,7871,3/30/1991
918,Contoso,Jesus,Patrick,Hernandez,Jesus Patrick Hernandez,7917,4/16/1997
9,Contoso,Norma,NULL,York,Norma York,8008,6/16/1964
57,Contoso,Monte,Rigoberto,Kaufman,Monte Rigoberto Kaufman,8056,7/24/1994
255,Contoso,Garrett,NULL,Vasquez,Garrett Vasquez,8254,8/20/1981
278,Contoso,Bobbie,Kendrick,Thornton,Bobbie Kendrick Thornton,8277,4/4/1999
288,Contoso,Bridget,Augustine,Hernandez,Bridget Augustine Hernandez,8287,7/2/1997
572,Contoso,Eileen,Ryan,Ayers,Eileen Ryan Ayers,8571,10/30/1987
619,Contoso,Daniel,Quentin,Kemp,Daniel Quentin Kemp,8618,4/23/1952
749,Contoso,Molly,NULL,Cross,Molly Cross,8748,7/28/1960
935,Contoso,Donovan,NULL,Campos,Donovan Campos,8934,12/14/1985
80,Contoso,Bruce,NULL,Hampton,Bruce Hampton,9079,5/3/1990
622,Contoso,Owen,NULL,Kemp,Owen Kemp,9621,4/7/1982
856,Contoso,Joe,NULL,NULL,Joe NULL,9855,2/12/1982
871,Contoso,Nicolas,NULL,Anderson,Nicolas Anderson,9870,4/15/1995
