27,Contoso,Willie,Wilfredo,Rowe,Willie Wilfredo Rowe,26,8/18/1989
117,Contoso,Joey,Carroll,Tate,Joey Carroll Tate,116,2/27/1993
279,Contoso,Dylan,Clay,Snow,Dylan Clay Snow,278,9/8/1962
357,Contoso,Bridgett,Kelley,Green,Bridgett Kelley Green,356,8/5/1989
449,Contoso,Earnest,Lenny,Neal,Earnest Lenny Neal,448,3/13/1960
635,Contoso,Mickey,NULL,Savage,Mickey Savage,634,6/20/1987
906,Contoso,Albert,Riley,Donaldson,Albert Riley Donaldson,905,7/7/1992
915,Contoso,Angelina,Graham,Potts,Angelina Graham Potts,914,3/11/1985
36,Contoso,Cathy,Thomas,Foley,Cathy Thomas Foley,1035,6/19/1993
140,Contoso,Mia,Korey,Love,Mia Korey Love,1139,8/24/1981
318,Contoso,Mitchell,NULL,Montes,Mitchell Montes,1317,8/7/1999
390,Contoso,Brendan,Anthony,Orr,Brendan Anthony Orr,1389,2/4/1988
531,Contoso,Katrina,Tommie,Chaney,Katrina Tommie Chaney,1530,5/10/1994
698,Contoso,Kristi,Keenan,Mc Millan,Kristi Keenan Mc Millan,1697,7/20/1997
846,Contoso,Melvin,Myles,Montgomery,Melvin Myles Montgomery,1845,2/12/1981
51,Contoso,Irma,NULL,Rose,Irma Rose,2050,7/15/1984
341,Contoso,Dennis,Glenn,Villegas,Dennis Glenn Villegas,2340,8/24/1989
396,Contoso,Edward,NULL,Middleton,Edward Middleton,2395,6/22/1987
627,Contoso,Beth,Shaun,Cardenas,Beth Shaun Cardenas,2626,5/1/1993
955,Contoso,Marco,NULL,Hester,Marco Hester,2954,9/18/1983
153,Contoso,Clayton,Blair,Pitts,Clayton Blair Pitts,3152,7/11/1999
207,Contoso,Freddie,NULL,Raymond,Freddie Raymond,3206,11/15/1988
392,Contoso,Curtis,NULL,Mc Cormick,Curtis Mc Cormick,3391,9/16/1995
4,Contoso,Jeffrey,NULL,Cole,Jeffrey Cole,4003,1/24/1954
115,Contoso,Joanna,NULL,Parker,Joanna Parker,4114,10/25/1986
163,Contoso,Jami,Eduardo,Stokes,Jami Eduardo Stokes,4162,3/23/1998
897,Contoso,Alice,NULL,Sandoval,Alice Sandoval,4896,8/21/1989
937,Contoso,Heather,NULL,Newton,Heather Newton,4936,6/17/1994
54,Contoso,Janelle,Jerod,French,Janelle Jerod French,5053,4/3/1953
67,Contoso,Jeffrey,Peter,Wagner,Jeffrey Peter Wagner,5066,4/24/1994
147,Contoso,Herman,NULL,Burgess,Herman Burgess,5146,6/13/1993
701,Contoso,Ruben,NULL,Horton,Ruben Horton,5700,10/29/1993
737,Contoso,Jeannie,Moses,Gonzales,Jeannie Moses Gonzales,5736,1/21/1986
29,Contoso,Connie,Joaquin,Noble,Connie Joaquin Noble,6028,6/29/1950
214,Contoso,Chadwick,NULL,Morton,Chadwick Morton,6213,4/9/1951
220,Contoso,Elton,Ulysses,Charles,Elton Ulysses Charles,6219,2/14/1981
447,Contoso,Candace,NULL,Yates,Candace Yates,6446,10/8/1985
854,Contoso,Gena,Jamel,Conner,Gena Jamel Conner,6853,2/25/1953
903,Contoso,Alexander,NULL,Pittman,Alexander Pittman,6902,4/28/1998
283,Contoso,Olga,NULL,Sanchez,Olga Sanchez,7282,3/3/1997
662,Contoso,Telly,Brain,Cruz,Telly Brain Cruz,7661,10/19/1993
771,Contoso,Abel,Judson,Patterson,Abel Judson Patterson,7770,2/3/1992
823,Contoso,Salvatore,NULL,Kaiser,Salvatore Kaiser,7822,12/2/1999
950,Contoso,Mickey,NULL,Jenkins,Mickey Jenkins,7949,8/12/1981
963,Contoso,Becky,Randal,Newton,Becky Randal Newton,7962,2/7/1999
18,Contoso,Paula,Cyrus,Bolton,Paula Cyrus Bolton,8017,7/29/1998
523,Contoso,Josephine,NULL,Garner,Josephine Garner,8522,10/18/1999
639,Contoso,Marissa,Gregory,Poole,Marissa Gregory Poole,8638,2/9/1950
771,Contoso,Abel,Judson,Patterson,Abel Judson Patterson,8770,2/3/1992
43,Contoso,Suzanne,Wade,White,Suzanne Wade White,9042,6/19/1999
314,Contoso,Kristie,Jarrett,Buck,Kristie Jarrett Buck,9313,10/1/1964
552,Contoso,Sammy,Cedrick,Benson,Sammy Cedrick Benson,9551,10/1/1985
684,Contoso,Darnell,NULL,James,Darnell James,9683,5/28/1951
717,Contoso,Samantha,Brock,Moody,Samantha Brock Moody,9716,9/19/1985
785,Contoso,Melody,NULL,Schultz,Melody Schultz,9784,4/18/1990
991,Contoso,Patrick,Laron,Bird,Patrick Laron Bird,9990,7/18/1990
