70,Contoso,Marc,Tarik,Nicholson,Marc Tarik Nicholson,69,9/17/1992
125,Contoso,Eileen,NULL,Hurley,Eileen Hurley,124,7/9/1992
268,Contoso,Rodolfo,Darian,Mccall,Rodolfo Darian Mccall,267,3/10/1999
431,Contoso,Dianna,NULL,Petty,Dianna Petty,430,3/28/1989
461,Contoso,Sandy,Dusty,Jackson,Sandy Dusty Jackson,460,11/16/1991
631,Contoso,Leigh,Robbie,Hogan,Leigh Robbie Hogan,630,12/11/1993
839,Contoso,Kareem,Terrill,Thompson,Kareem Terrill Thompson,838,2/28/1962
492,Contoso,Donna,Alexis,Small,Donna Alexis Small,1491,12/10/1986
521,Contoso,Robbie,NULL,Li,Robbie Li,1520,7/23/1983
912,Contoso,Johnny,NULL,Cross,Johnny Cross,1911,10/10/1988
944,Contoso,Orlando,NULL,Kaufman,Orlando Kaufman,1943,11/20/1950
333,Contoso,Carl,NULL,Nixon,Carl Nixon,2332,9/23/1998
338,Contoso,Marianne,Kristin,James,Marianne Kristin James,2337,1/14/1997
604,Contoso,Margaret,Landon,Mc Millan,Margaret Landon Mc Millan,2603,3/12/1956
868,Contoso,Patrick,Jayme,Howe,Patrick Jayme Howe,2867,10/5/1997
714,Contoso,Joyce,Tavares,Flores,Joyce Tavares Flores,3713,3/21/1958
834,Contoso,Earl,Malcolm,Sanford,Earl Malcolm Sanford,3833,6/6/1951
904,Contoso,Raymond,NULL,Downs,Raymond Downs,3903,5/10/1956
949,Contoso,Sonja,Rahsaan,Snow,Sonja Rahsaan Snow,3948,1/17/1957
29,Contoso,Connie,Joaquin,Noble,Connie Joaquin Noble,4028,6/29/1950
204,Contoso,Jeannette,Tobin,Cain,Jeannette Tobin Cain,4203,8/14/1953
219,Contoso,Cassie,NULL,Osborn,Cassie Osborn,4218,6/17/1959
264,Contoso,Ivan,NULL,Simmons,Ivan Simmons,4263,8/27/1957
670,Contoso,Dorothy,Evan,Conner,Dorothy Evan Conner,4669,5/16/1994
95,Contoso,Brandie,NULL,Lester,Brandie Lester,5094,11/26/1987
180,Contoso,Raquel,NULL,Bass,Raquel Bass,5179,9/21/1990
476,Contoso,Sonya,NULL,Hopkins,Sonya Hopkins,5475,8/19/1987
501,Contoso,Bruce,Bernardo,Mercer,Bruce Bernardo Mercer,5500,3/25/1988
659,Contoso,Dustin,Gordon,Key,Dustin Gordon Key,5658,5/11/1952
684,Contoso,Darnell,NULL,James,Darnell James,5683,5/28/1951
688,Contoso,Amelia,Che,Hardin,Amelia Che Hardin,5687,11/22/1999
839,Contoso,Kareem,Terrill,Thompson,Kareem Terrill Thompson,5838,2/28/1962
905,Contoso,Latasha,NULL,Carney,Latasha Carney,5904,3/19/1990
31,Contoso,Sabrina,Domingo,Johnson,Sabrina Domingo Johnson,6030,7/16/1981
453,Contoso,Alejandro,Ken,Nash,Alejandro Ken Nash,6452,2/20/1997
616,Contoso,Damon,Dereck,Hopkins,Damon Dereck Hopkins,6615,9/14/1991
633,Contoso,Stacie,NULL,Hancock,Stacie Hancock,6632,6/18/1999
665,Contoso,Dina,NULL,Rocha,Dina Rocha,6664,7/4/1981
848,Contoso,Alicia,Elbert,Callahan,Alicia Elbert Callahan,6847,8/28/1997
900,Contoso,Marilyn,NULL,Schultz,Marilyn Schultz,6899,3/19/1988
82,Contoso,Christa,NULL,Chen,Christa Chen,7081,2/23/1989
150,Contoso,Gina,Eliseo,Rollins,Gina Eliseo Rollins,7149,10/2/1981
196,Contoso,Robert,NULL,Ashley,Robert Ashley,7195,3/10/1983
210,Contoso,Norma,Bennett,Moon,Norma Bennett Moon,7209,6/20/1985
214,Contoso,Chadwick,NULL,Morton,Chadwick Morton,7213,4/9/1951
499,Contoso,Tabatha,Torrey,Mc Dowell,Tabatha Torrey Mc Dowell,7498,7/27/1960
700,Contoso,Kenny,Eric,Santiago,Kenny Eric Santiago,7699,1/28/1993
816,Contoso,Tiffany,NULL,Rose,Tiffany Rose,7815,10/18/1983
118,Contoso,Dallas,NULL,Mckee,Dallas Mckee,8117,9/9/1999
420,Contoso,Damon,Jarred,Crosby,Damon Jarred Crosby,8419,9/1/1995
569,Contoso,Yvette,Paris,Bauer,Yvette Paris Bauer,8568,5/3/1953
715,Contoso,Wanda,NULL,Barron,Wanda Barron,8714,4/16/1984
201,Contoso,Tammi,Dusty,Petty,Tammi Dusty Petty,9200,10/18/1983
254,Contoso,Rachelle,Logan,Lindsey,Rachelle Logan Lindsey,9253,3/23/1951
742,Contoso,Ty,NULL,Rangel,Ty Rangel,9741,1/14/1984
