14,Contoso,Marla,NULL,Cuevas,Marla Cuevas,13,8/26/1952
47,Contoso,Jessica,NULL,Frederick,Jessica Frederick,46,9/15/1988
408,Contoso,Casey,Lamar,Church,Casey Lamar Church,407,6/8/1997
512,Contoso,Cassandra,Cary,Baker,Cassandra Cary Baker,511,9/1/1986
582,Contoso,Ivan,NULL,Trujillo,Ivan Trujillo,581,9/18/1982
815,Contoso,Terence,Russel,Paul,Terence Russel Paul,814,10/14/1981
871,Contoso,Nicolas,NULL,Anderson,Nicolas Anderson,870,4/15/1995
948,Contoso,Maurice,Benjiman,Owen,Maurice Benjiman Owen,947,3/21/1999
478,Contoso,Ann,NULL,Andrews,Ann Andrews,1477,3/18/1997
493,Contoso,Joni,Salvatore,Boone,Joni Salvatore Boone,1492,7/30/1999
572,Contoso,Eileen,Ryan,Ayers,Eileen Ryan Ayers,1571,10/30/1987
613,Contoso,Earnest,Jeffery,Arroyo,Earnest Jeffery Arroyo,1612,8/13/1999
618,Contoso,Carla,NULL,Blair,Carla Blair,1617,6/2/1999
648,Contoso,Brandy,NULL,Fletcher,Brandy Fletcher,1647,8/31/1999
927,Contoso,Vickie,Vince,Goodman,Vickie Vince Goodman,1926,1/14/1984
17,Contoso,Terence,Burton,Phelps,Terence Burton Phelps,2016,7/31/1985
71,Contoso,Celeste,Rickie,Fleming,Celeste Rickie Fleming,2070,2/23/1987
79,Contoso,Malcolm,Gary,Grant,Malcolm Gary Grant,2078,1/3/1951
197,Contoso,Kyle,Phillip,Sanders,Kyle Phillip Sanders,2196,5/9/1986
324,Contoso,Tera,Eddie,Craig,Tera Eddie Craig,2323,7/25/1959
530,Contoso,Judy,Junior,Bowen,Judy Junior Bowen,2529,3/14/1989
556,Contoso,Eva,NULL,Duffy,Eva Duffy,2555,1/11/1993
710,Contoso,Donna,NULL,Salazar,Donna Salazar,2709,10/13/1985
439,Contoso,Brandy,Michelle,Golden,Brandy Michelle Golden,3438,6/5/1961
517,Contoso,Joey,Cameron,Mendez,Joey Cameron Mendez,3516,11/7/1992
845,Contoso,Pamela,Desmond,Dixon,Pamela Desmond Dixon,3844,5/4/1993
850,Contoso,Shonda,NULL,Kramer,Shonda Kramer,3849,11/12/1989
896,Contoso,Rosa,Tyler,Lynn,Rosa Tyler Lynn,3895,8/17/1995
920,Contoso,Trent,Dewey,Crawford,Trent Dewey Crawford,3919,12/23/1994
926,Contoso,Juanita,Leroy,Harris,Juanita Leroy Harris,3925,10/23/1986
990,Contoso,Alvin,Kris,Santana,Alvin Kris Santana,3989,8/22/1995
131,Contoso,Walter,Jasen,Frye,Walter Jasen Frye,4130,1/16/1987
226,Contoso,Mickey,Jerry,Odonnell,Mickey Jerry Odonnell,5225,11/4/1995
240,Contoso,Daphne,Bronson,Callahan,Daphne Bronson Callahan,5239,11/3/1988
473,Contoso,Cheri,Ronny,Anthony,Cheri Ronny Anthony,5472,6/23/1997
640,Contoso,Dean,David,Lynn,Dean David Lynn,5639,2/18/1982
711,Contoso,Angelo,Lyle,Krause,Angelo Lyle Krause,5710,6/29/1984
786,Contoso,Amber,NULL,Frye,Amber Frye,5785,5/31/1986
945,Contoso,Courtney,Regan,Stanley,Courtney Regan Stanley,5944,6/4/1988
17,Contoso,Terence,Burton,Phelps,Terence Burton Phelps,6016,7/31/1985
63,Contoso,Kara,Marcellus,Morrow,Kara Marcellus Morrow,6062,7/30/1998
143,Contoso,Isabel,Rhett,Holland,Isabel Rhett Holland,6142,8/16/1998
610,Contoso,Raquel,Benji,Morrison,Raquel Benji Morrison,6609,7/5/1993
712,Contoso,Elton,Valentin,Winters,Elton Valentin Winters,6711,6/19/1990
126,Contoso,Dustin,Dino,Cowan,Dustin Dino Cowan,7125,7/18/1990
254,Contoso,Rachelle,Logan,Lindsey,Rachelle Logan Lindsey,7253,3/23/1951
326,Contoso,Isaac,Keith,Dickson,Isaac Keith Dickson,7325,4/29/1993
495,Contoso,Francisco,NULL,Pace,Francisco Pace,7494,11/7/1989
655,Contoso,Brandi,NULL,Galloway,Brandi Galloway,7654,7/30/1985
890,Contoso,Joseph,Scot,Vega,Joseph Scot Vega,7889,11/29/1982
958,Contoso,Glenda,NULL,Bolton,Glenda Bolton,7957,10/30/1997
262,Contoso,Ben,Lon,Kaufman,Ben Lon Kaufman,8261,11/2/1988
316,Contoso,Kim,Tim,Rhodes,Kim Tim Rhodes,8315,5/24/1983
321,Contoso,Staci,NULL,Cooley,Staci Cooley,8320,4/14/1991
358,Contoso,Sandy,Russel,Beltran,Sandy Russel Beltran,8357,6/11/1997
416,Contoso,Tammi,Jesus,Hull,Tammi Jesus Hull,8415,7/12/1995
50,Contoso,Alyssa,NULL,NULL,Alyssa NULL,9049,4/12/1983
421,Contoso,Ronald,NULL,Schroeder,Ronald Schroeder,9420,12/2/1981
793,Contoso,Shannon,Antonio,Solomon,Shannon Antonio Solomon,9792,9/20/1998
884,Contoso,Samuel,Walter,Huynh,Samuel Walter Huynh,9883,12/27/1956
899,Contoso,Joel,Terrell,Stephens,Joel Terrell Stephens,9898,1/21/1960
967,Contoso,Kristian,NULL,Shah,Kristian Shah,9966,2/2/1995
