38,Contoso,Bryce,NULL,Frank,Bryce Frank,37,11/30/1997
245,Contoso,Brooke,NULL,Zimmerman,Brooke Zimmerman,244,2/25/1985
489,Contoso,Levi,Leif,Campos,Levi Leif Campos,488,3/8/1957
548,Contoso,Cherie,Nathaniel,Harrell,Cherie Nathaniel Harrell,547,3/31/1998
605,Contoso,Bryon,NULL,Fleming,Bryon Fleming,604,8/1/1995
610,Contoso,Raquel,Benji,Morrison,Raquel Benji Morrison,609,7/5/1993
620,Contoso,Raymond,Forrest,Colon,Raymond Forrest Colon,619,6/16/1981
57,Contoso,Monte,Rigoberto,Kaufman,Monte Rigoberto Kaufman,1056,7/24/1994
673,Contoso,Elton,NULL,Arroyo,Elton Arroyo,1672,6/11/1998
748,Contoso,Joan,NULL,Mccann,Joan Mccann,1747,9/25/1999
763,Contoso,Shawn,Demetrius,Martin,Shawn Demetrius Martin,1762,8/29/1999
920,Contoso,Trent,Dewey,Crawford,Trent Dewey Crawford,1919,12/23/1994
70,Contoso,Marc,Tarik,Nicholson,Marc Tarik Nicholson,2069,9/17/1992
208,Contoso,Dewayne,Bradly,Weeks,Dewayne Bradly Weeks,2207,6/30/1998
413,Contoso,Marilyn,Gustavo,O'Connell,Marilyn Gustavo O'Connell,2412,4/27/1998
770,Contoso,Lora,NULL,Villegas,Lora Villegas,2769,5/19/1983
797,Contoso,Nikki,NULL,Kent,Nikki Kent,2796,4/24/1991
880,Contoso,Lewis,Marcel,Salazar,Lewis Marcel Salazar,2879,1/1/1981
164,Contoso,Joy,Edgar,Franklin,Joy Edgar Franklin,3163,9/8/1955
521,Contoso,Robbie,NULL,Li,Robbie Li,3520,7/23/1983
71,Contoso,Celeste,Rickie,Fleming,Celeste Rickie Fleming,4070,2/23/1987
282,Contoso,Antonio,Lemuel,Vincent,Antonio Lemuel Vincent,4281,8/28/1992
289,Contoso,Jonathan,Tracey,Thompson,Jonathan Tracey Thompson,4288,8/17/1963
567,Contoso,Edward,NULL,Cummings,Edward Cummings,4566,4/14/1993
636,Contoso,Terry,NULL,Odom,Terry Odom,4635,11/30/1981
326,Contoso,Isaac,Keith,Dickson,Isaac Keith Dickson,5325,4/29/1993
357,Contoso,Bridgett,Kelley,Green,Bridgett Kelley Green,5356,8/5/1989
691,Contoso,Elisabeth,Kelly,Salazar,Elisabeth Kelly Salazar,5690,9/7/1986
793,Contoso,Shannon,Antonio,Solomon,Shannon Antonio Solomon,5792,9/20/1998
819,Contoso,Annie,Vance,Cummings,Annie Vance Cummings,5818,6/10/1963
985,Contoso,Oscar,NULL,Velez,Oscar Velez,5984,4/12/1995
246,Contoso,Danielle,NULL,Cortez,Danielle Cortez,6245,8/19/1985
252,Contoso,Jonathan,Henry,Lindsey,Jonathan Henry Lindsey,6251,6/5/1990
291,Contoso,Jonathon,Darren,Harmon,Jonathon Darren Harmon,6290,5/17/1985
764,Contoso,Iris,NULL,Melton,Iris Melton,6763,3/24/1951
909,Contoso,Dwight,NULL,Fernandez,Dwight Fernandez,6908,1/30/1951
15,Contoso,Carolyn,NULL,Rowland,Carolyn Rowland,7014,3/5/1993
35,Contoso,Edgar,NULL,Chan,Edgar Chan,7034,4/1/1984
42,Contoso,Dwight,Buddy,Sims,Dwight Buddy Sims,7041,9/4/1981
44,Contoso,Cari,Kendall,Welch,Cari Kendall Welch,7043,5/5/1950
120,Contoso,Austin,NULL,Solis,Austin Solis,7119,7/7/1993
278,Contoso,Bobbie,Kendrick,Thornton,Bobbie Kendrick Thornton,7277,4/4/1999
722,Contoso,Christi,Gabriel,Ho,Christi Gabriel Ho,7721,8/29/1993
92,Contoso,Dewayne,NULL,Kent,Dewayne Kent,8091,7/31/1981
335,Contoso,Joanne,NULL,Rowland,Joanne Rowland,8334,7/11/1982
379,Contoso,Stanley,Michale,Lyons,Stanley Michale Lyons,8378,12/29/1960
485,Contoso,Kellie,Arron,Harmon,Kellie Arron Harmon,8484,11/13/1994
506,Contoso,Tyler,NULL,Bryant,Tyler Bryant,8505,12/9/1991
546,Contoso,Allen,Cole,Shah,Allen Cole Shah,8545,8/4/1985
916,Contoso,Dominic,NULL,Clarke,Dominic Clarke,8915,12/29/1984
932,Contoso,Belinda,NULL,Tran,Belinda Tran,8931,6/1/1994
126,Contoso,Dustin,Dino,Cowan,Dustin Dino Cowan,9125,7/18/1990
143,Contoso,Isabel,Rhett,Holland,Isabel Rhett Holland,9142,8/16/1998
451,Contoso,Warren,NULL,Bridges,Warren Bridges,9450,7/17/1984
595,Contoso,Harold,NULL,Lawrence,Harold Lawrence,9594,8/16/1982
604,Contoso,Margaret,Landon,Mc Millan,Margaret Landon Mc Millan,9603,3/12/1956
619,Contoso,Daniel,Quentin,Kemp,Daniel Quentin Kemp,9618,4/23/1952
745,Contoso,Dina,Quentin,Orr,Dina Quentin Orr,9744,10/9/1991
766,Contoso,Ramiro,NULL,Mercado,Ramiro Mercado,9765,1/15/1981
