321,Contoso,Staci,NULL,Cooley,Staci Cooley,320,4/14/1991
485,Contoso,Kellie,Arron,Harmon,Kellie Arron Harmon,484,11/13/1994
593,Contoso,Dan,Mitchell,Curtis,Dan Mitchell Curtis,592,6/11/1997
607,Contoso,Quincy,NULL,Watkins,Quincy Watkins,606,10/9/1987
623,Contoso,Gustavo,NULL,Alvarado,Gustavo Alvarado,622,12/7/1999
727,Contoso,Carl,Dominique,Gay,Carl Dominique Gay,726,5/9/1981
7,Contoso,Frank,Matt,Todd,Frank Matt Todd,1006,11/21/1984
111,Contoso,Amanda,Mathew,Watts,Amanda Mathew Watts,1110,11/26/1991
352,Contoso,Helen,Cecil,Stuart,Helen Cecil Stuart,1351,12/27/1983
371,Contoso,Anitra,Garrett,Davila,Anitra Garrett Davila,1370,3/29/1987
662,Contoso,Telly,Brain,Cruz,Telly Brain Cruz,2661,10/19/1993
663,Contoso,Amanda,NULL,Riley,Amanda Riley,2662,9/25/1998
728,Contoso,Perry,Angelo,Glass,Perry Angelo Glass,2727,8/31/1997
830,Contoso,Clifford,Shad,Bonilla,Clifford Shad Bonilla,2829,5/19/1989
882,Contoso,Damien,NULL,Obrien,Damien Obrien,2881,12/23/1983
70,Contoso,Marc,Tarik,Nicholson,Marc Tarik Nicholson,3069,9/17/1992
304,Contoso,Loren,Kirk,Odom,Loren Kirk Odom,3303,10/2/1958
328,Contoso,Scot,NULL,Soto,Scot Soto,3327,7/15/1999
451,Contoso,Warren,NULL,Bridges,Warren Bridges,3450,7/17/1984
918,Contoso,Jesus,Patrick,Hernandez,Jesus Patrick Hernandez,3917,4/16/1997
73,Contoso,Pamela,NULL,Simpson,Pamela Simpson,4072,2/22/1997
303,Contoso,Marisol,Randy,Garza,Marisol Randy Garza,4302,7/2/1997
439,Contoso,Brandy,Michelle,Golden,Brandy Michelle Golden,4438,6/5/1961
695,Contoso,Traci,NULL,Strickland,Traci Strickland,4694,5/18/1988
910,Contoso,Crystal,NULL,Williams,Crystal Williams,4909,4/14/1994
919,Contoso,Alan,NULL,Foley,Alan Foley,4918,1/6/1961
8,Contoso,Alan,NULL,Faulkner,Alan Faulkner,5007,5/4/1998
44,Contoso,Cari,Kendall,Welch,Cari Kendall Welch,5043,5/5/1950
850,Contoso,Shonda,NULL,Kramer,Shonda Kramer,5849,11/12/1989
1,Contoso,Ginger,Alfred,Huang,Ginger Alfred Huang,6000,5/1/1985
10,Contoso,Claudia,NULL,Aguilar,Claudia Aguilar,6009,6/16/1984
263,Contoso,Raymond,Chauncey,Tanner,Raymond Chauncey Tanner,6262,5/10/1999
327,Contoso,Kellie,NULL,O'Connell,Kellie O'Connell,6326,9/6/1994
452,Contoso,Esteban,Dylan,Summers,Esteban Dylan Summers,6451,8/5/1988
627,Contoso,Beth,Shaun,Cardenas,Beth Shaun Cardenas,6626,5/1/1993
702,Contoso,Joanna,NULL,Mitchell,Joanna Mitchell,6701,9/11/1994
766,Contoso,Ramiro,NULL,Mercado,Ramiro Mercado,6765,1/15/1981
837,Contoso,Lisa,Cyrus,Allison,Lisa Cyrus Allison,6836,12/24/1988
938,Contoso,Johnathan,NULL,Beard,Johnathan Beard,6937,7/12/1999
311,Contoso,Roy,Torrance,Foley,Roy Torrance Foley,7310,5/25/1995
377,Contoso,Gordon,Norris,Melendez,Gordon Norris Melendez,7376,3/31/1991
576,Contoso,Tony,NULL,Hess,Tony Hess,7575,5/4/1995
585,Contoso,Stuart,Donovan,Leblanc,Stuart Donovan Leblanc,7584,11/1/1990
643,Contoso,Andrea,Jessie,Melton,Andrea Jessie Melton,7642,2/3/1997
675,Contoso,Jared,Ruben,Morrison,Jared Ruben Morrison,7674,12/16/1993
676,Contoso,Maurice,NULL,Lester,Maurice Lester,7675,6/6/1988
53,Contoso,Mia,Kenneth,Rich,Mia Kenneth Rich,8052,11/16/1998
74,Contoso,Chester,Demarco,Singleton,Chester Demarco Singleton,8073,6/4/1964
95,Contoso,Brandie,NULL,Lester,Brandie Lester,8094,11/26/1987
242,Contoso,Allison,Ashley,Chan,Allison Ashley Chan,8241,11/5/1993
253,Contoso,Jake,NULL,Shah,Jake Shah,8252,5/17/1998
397,Contoso,Rusty,NULL,Ortiz,Rusty Ortiz,8396,3/11/1990
697,Contoso,Hugh,Alexis,Salinas,Hugh Alexis Salinas,8696,3/6/1990
780,Contoso,Bryon,Quincy,Santana,Bryon Quincy Santana,8779,12/29/1983
798,Contoso,Rogelio,Norris,Clarke,Rogelio Norris Clarke,8797,8/27/1997
166,Contoso,Belinda,NULL,Rojas,Belinda Rojas,9165,4/17/1987
459,Contoso,Milton,Ashley,Farmer,Milton Ashley Farmer,9458,1/25/1963
585,Contoso,Stuart,Donovan,Leblanc,Stuart Donovan Leblanc,9584,11/1/1990
