248,Contoso,Natalie,NULL,Coleman,Natalie Coleman,247,9/28/1997
676,Contoso,Maurice,NULL,Lester,Maurice Lester,675,6/6/1988
440,Contoso,Donnell,NULL,Raymond,Donnell Raymond,1439,2/16/1992
668,Contoso,Pamela,NULL,Mc Knight,Pamela Mc Knight,1667,12/27/1999
681,Contoso,Leigh,NULL,Mays,Leigh Mays,1680,10/31/1991
771,Contoso,Abel,Judson,Patterson,Abel Judson Patterson,1770,2/3/1992
136,Contoso,Jackie,NULL,Krueger,Jackie Krueger,2135,8/23/1991
294,Contoso,Jared,NULL,Potts,Jared Potts,2293,6/6/1961
555,Contoso,Alexandra,NULL,Rangel,Alexandra Rangel,2554,5/24/1994
757,Contoso,Randall,NULL,Branch,Randall Branch,2756,12/14/1986
22,Contoso,Dexter,Chet,Velazquez,Dexter Chet Velazquez,3021,9/8/1995
309,Contoso,Katrina,Robin,Mac Donald,Katrina Robin Mac Donald,3308,12/31/1958
416,Contoso,Tammi,Jesus,Hull,Tammi Jesus Hull,3415,7/12/1995
588,Contoso,Tonia,NULL,Blackwell,Tonia Blackwell,3587,11/19/1999
676,Contoso,Maurice,NULL,Lester,Maurice Lester,3675,6/6/1988
787,Contoso,Gabriela,Ivan,Armstrong,Gabriela Ivan Armstrong,3786,4/9/1985
91,Contoso,Cory,NULL,Poole,Cory Poole,4090,12/16/1994
119,Contoso,Alana,Clifton,Diaz,Alana Clifton Diaz,4118,1/25/1951
247,Contoso,Randi,NULL,Morrow,Randi Morrow,4246,2/24/1986
351,Contoso,Diane,Duane,Murillo,Diane Duane Murillo,4350,8/23/1985
559,Contoso,Elaine,NULL,Walters,Elaine Walters,4558,3/31/1963
638,Contoso,Nelson,Jarod,Ewing,Nelson Jarod Ewing,4637,9/4/1997
650,Contoso,Deanna,NULL,Werner,Deanna Werner,4649,6/3/1995
844,Contoso,Howard,Darrel,Alvarado,Howard Darrel Alvarado,4843,4/12/1950
952,Contoso,Ernesto,NULL,Arroyo,Ernesto Arroyo,4951,3/9/1993
139,Contoso,Ty,NULL,Clements,Ty Clements,5138,12/7/1953
440,Contoso,Donnell,NULL,Raymond,Donnell Raymond,5439,2/16/1992
445,Contoso,Bridget,NULL,Russo,Bridget Russo,5444,8/28/1992
451,Contoso,Warren,NULL,Bridges,Warren Bridges,5450,7/17/1984
566,Contoso,Jonathon,Judd,Steele,Jonathon Judd Steele,5565,2/28/1989
591,Contoso,Stephan,NULL,Lopez,Stephan Lopez,5590,8/13/1995
782,Contoso,Nina,Damon,Rivera,Nina Damon Rivera,5781,6/2/1988
939,Contoso,Efrain,Jamel,Melton,Efrain Jamel Melton,5938,4/27/1963
134,Contoso,Charity,NULL,Wong,Charity Wong,6133,11/23/1962
436,Contoso,Lakesha,Randal,Mcfarland,Lakesha Randal Mcfarland,6435,10/6/1985
881,Contoso,Chandra,Sheldon,Yu,Chandra Sheldon Yu,6880,2/16/1982
991,Contoso,Patrick,Laron,Bird,Patrick Laron Bird,6990,7/18/1990
992,Contoso,Cherie,Efren,Burgess,Cherie Efren Burgess,6991,10/25/1990
152,Contoso,Rodolfo,Stephen,NULL,Rodolfo Stephen NULL,7151,11/10/1992
192,Contoso,Elisabeth,Andre,Norman,Elisabeth Andre Norman,7191,2/18/1991
260,Contoso,James,Rob,Clay,James Rob Clay,7259,12/8/1985
264,Contoso,Ivan,NULL,Simmons,Ivan Simmons,7263,8/27/1957
329,Contoso,Sarah,Johnathon,Tanner,Sarah Johnathon Tanner,7328,4/18/1956
379,Contoso,Stanley,Michale,Lyons,Stanley Michale Lyons,7378,12/29/1960
616,Contoso,Damon,Dereck,Hopkins,Damon Dereck Hopkins,7615,9/14/1991
831,Contoso,Darren,NULL,Erickson,Darren Erickson,7830,3/23/1994
33,Contoso,Jasmine,NULL,Walter,Jasmine Walter,8032,11/4/1999
630,Contoso,Geoffrey,Tyler,Perkins,Geoffrey Tyler Perkins,8629,10/30/1987
642,Contoso,Ramiro,Ron,Prince,Ramiro Ron Prince,8641,1/18/1994
714,Contoso,Joyce,Tavares,Flores,Joyce Tavares Flores,8713,3/21/1958
35,Contoso,Edgar,NULL,Chan,Edgar Chan,9034,4/1/1984
130,Contoso,James,Donny,Ali,James Donny Ali,9129,2/17/1995
173,Contoso,Leonardo,Elisha,Ingram,Leonardo Elisha Ingram,9172,10/24/1999
470,Contoso,Brandie,Sammie,Colon,Brandie Sammie Colon,9469,10/1/1982
526,Contoso,Leticia,NULL,Goodwin,Leticia Goodwin,9525,4/20/1990
592,Contoso,Lora,NULL,Blevins,Lora Blevins,9591,7/5/1981
645,Contoso,Dawn,NULL,Barnett,Dawn Barnett,9644,8/29/1993
791,Contoso,Lawanda,Gino,Michael,Lawanda Gino Michael,9790,12/19/1986
995,Contoso,Mary,Levi,Munoz,Mary Levi Munoz,9994,12/6/1987
