102,Contoso,Marcus,NULL,Abbott,Marcus Abbott,101,8/10/1982
231,Contoso,Clifton,NULL,Ayers,Clifton Ayers,230,7/17/1988
237,Contoso,Robin,NULL,Wright,Robin Wright,236,1/23/1986
338,Contoso,Marianne,Kristin,James,Marianne Kristin James,337,1/14/1997
476,Contoso,Sonya,NULL,Hopkins,Sonya Hopkins,475,8/19/1987
542,Contoso,Joseph,NULL,Sparks,Joseph Sparks,541,10/30/1995
694,Contoso,Noel,Rigoberto,Peterson,Noel Rigoberto Peterson,693,6/23/1960
853,Contoso,Ethan,Kelly,Coleman,Ethan Kelly Coleman,852,11/19/1997
104,Contoso,Drew,Marion,Little,Drew Marion Little,1103,5/29/1957
177,Contoso,Maggie,Carson,Gamble,Maggie Carson Gamble,1176,11/5/1986
505,Contoso,Kirsten,NULL,Henderson,Kirsten Henderson,1504,5/21/1985
519,Contoso,Frederick,NULL,Michael,Frederick Michael,1518,7/11/1962
752,Contoso,Eugene,NULL,Marquez,Eugene Marquez,1751,10/23/1983
118,Contoso,Dallas,NULL,Mckee,Dallas Mckee,2117,9/9/1999
175,Contoso,Clarissa,NULL,Lester,Clarissa Lester,2174,2/27/1985
239,Contoso,Sheri,NULL,Aguirre,Sheri Aguirre,2238,10/7/1958
321,Contoso,Staci,NULL,Cooley,Staci Cooley,2320,4/14/1991
354,Contoso,Randal,NULL,Best,Randal Best,2353,10/24/1956
438,Contoso,Sonja,NULL,Thompson,Sonja Thompson,2437,12/24/1999
439,Contoso,Brandy,Michelle,Golden,Brandy Michelle Golden,2438,6/5/1961
637,Contoso,Terence,NULL,Hogan,Terence Hogan,2636,1/15/1991
640,Contoso,Dean,David,Lynn,Dean David Lynn,2639,2/18/1982
960,Contoso,Betty,Mack,Werner,Betty Mack Werner,2959,3/29/1987
35,Contoso,Edgar,NULL,Chan,Edgar Chan,3034,4/1/1984
60,Contoso,Louis,Pete,Trujillo,Louis Pete Trujillo,3059,7/24/1988
264,Contoso,Ivan,NULL,Simmons,Ivan Simmons,3263,8/27/1957
485,Contoso,Kellie,Arron,Harmon,Kellie Arron Harmon,3484,11/13/1994
574,Contoso,Jimmy,Dana,Burke,Jimmy Dana Burke,3573,12/11/1957
658,Contoso,Jack,Delbert,Chen,Jack Delbert Chen,3657,1/24/1998
705,Contoso,Danielle,Sammy,Harrison,Danielle Sammy Harrison,3704,7/15/1987
763,Contoso,Shawn,Demetrius,Martin,Shawn Demetrius Martin,3762,8/29/1999
773,Contoso,Sonya,NULL,Daniels,Sonya Daniels,3772,11/27/1998
5,Contoso,Tania,NULL,Hardin,Tania Hardin,4004,1/6/1994
158,Contoso,Brandi,NULL,Paul,Brandi Paul,4157,5/6/1997
175,Contoso,Clarissa,NULL,Lester,Clarissa Lester,4174,2/27/1985
425,Contoso,Ian,Joey,Perry,Ian Joey Perry,4424,12/3/1995
507,Contoso,William,Arnoldo,Mc Neil,William Arnoldo Mc Neil,4506,1/12/1987
736,Contoso,Barry,NULL,Weeks,Barry Weeks,4735,6/3/1985
973,Contoso,Colby,NULL,Luna,Colby Luna,4972,2/24/1997
151,Contoso,Vincent,NULL,Davidson,Vincent Davidson,5150,6/11/1989
203,Contoso,Frankie,NULL,Mckenzie,Frankie Mckenzie,5202,2/3/1999
702,Contoso,Joanna,NULL,Mitchell,Joanna Mitchell,5701,9/11/1994
713,Contoso,Jennifer,Danny,Mays,Jennifer Danny Mays,5712,1/16/1998
50,Contoso,Alyssa,NULL,NULL,Alyssa NULL,6049,4/12/1983
194,Contoso,Martha,NULL,Wilkins,Martha Wilkins,6193,10/18/1954
465,Contoso,Gabriel,NULL,Chapman,Gabriel Chapman,6464,10/24/1983
531,Contoso,Katrina,Tommie,Chaney,Katrina Tommie Chaney,6530,5/10/1994
12,Contoso,Alfred,Kurt,Petty,Alfred Kurt Petty,7011,5/6/1989
211,Contoso,Nakia,NULL,French,Nakia French,7210,6/11/1984
219,Contoso,Cassie,NULL,Osborn,Cassie Osborn,7218,6/17/1959
248,Contoso,Natalie,NULL,Coleman,Natalie Coleman,7247,9/28/1997
305,Contoso,Nancy,NULL,Chung,Nancy Chung,7304,11/23/1992
441,Contoso,Virginia,NULL,Herman,Virginia Herman,7440,12/8/1982
138,Contoso,Tisha,Tad,Bolton,Tisha Tad Bolton,8137,1/2/1998
298,Contoso,Katherine,Lloyd,Mc Daniel,Katherine Lloyd Mc Daniel,8297,8/12/1999
312,Contoso,Herbert,Pedro,Kaiser,Herbert Pedro Kaiser,8311,1/22/1991
386,Contoso,Carlos,NULL,Turner,Carlos Turner,8385,3/2/1987
443,Contoso,Claire,Lonny,Mc Intyre,Claire Lonny Mc Intyre,8442,2/10/1998
743,Contoso,Sonny,NULL,Alexander,Sonny Alexander,8742,5/14/1997
800,Contoso,Shelby,Deangelo,Nelson,Shelby Deangelo Nelson,8799,11/16/1985
832,Contoso,Sonya,Eloy,Peters,Sonya Eloy Peters,8831,3/3/1985
948,Contoso,Maurice,Benjiman,Owen,Maurice Benjiman Owen,8947,3/21/1999
24,Contoso,Kim,NULL,Hawkins,Kim Hawkins,9023,11/7/1963
26,Contoso,Kyle,Cedrick,Collins,Kyle Cedrick Collins,9025,1/12/1984
110,Contoso,Paula,NULL,Sims,Paula Sims,9109,7/15/1995
272,Contoso,Corey,Gerard,Hinton,Corey Gerard Hinton,9271,4/3/1994
425,Contoso,Ian,Joey,Perry,Ian Joey Perry,9424,12/3/1995
439,Contoso,Brandy,Michelle,Golden,Brandy Michelle Golden,9438,6/5/1961
741,Contoso,Allen,NULL,Gonzalez,Allen Gonzalez,9740,12/21/1994
