656,Contoso,Bryon,Jayme,Lutz,Bryon Jayme Lutz,655,9/16/1983
826,Contoso,Jill,Norman,Campos,Jill Norman Campos,825,12/13/1989
846,Contoso,Melvin,Myles,Montgomery,Melvin Myles Montgomery,845,2/12/1981
890,Contoso,Joseph,Scot,Vega,Joseph Scot Vega,889,11/29/1982
54,Contoso,Janelle,Jerod,French,Janelle Jerod French,1053,4/3/1953
219,Contoso,Cassie,NULL,Osborn,Cassie Osborn,1218,6/17/1959
259,Contoso,Jenifer,Lorenzo,Mcgrath,Jenifer Lorenzo Mcgrath,1258,10/31/1951
450,Contoso,Cedric,Lamont,Cunningham,Cedric Lamont Cunningham,1449,8/28/1985
500,Contoso,Teddy,NULL,Barrera,Teddy Barrera,1499,7/26/1992
702,Contoso,Joanna,NULL,Mitchell,Joanna Mitchell,1701,9/11/1994
746,Contoso,Sherri,Myles,Cardenas,Sherri Myles Cardenas,1745,3/29/1993
14,Contoso,Marla,NULL,Cuevas,Marla Cuevas,2013,8/26/1952
291,Contoso,Jonathon,Darren,Harmon,Jonathon Darren Harmon,2290,5/17/1985
437,Contoso,Felicia,Donovan,Humphrey,Felicia Donovan Humphrey,2436,6/28/1995
560,Contoso,Lee,NULL,Doyle,Lee Doyle,2559,4/2/1984
4,Contoso,Jeffrey,NULL,Cole,Jeffrey Cole,3003,1/24/1954
159,Contoso,Brett,NULL,Kelly,Brett Kelly,3158,1/23/1959
262,Contoso,Ben,Lon,Kaufman,Ben Lon Kaufman,3261,11/2/1988
316,Contoso,Kim,Tim,Rhodes,Kim Tim Rhodes,3315,5/24/1983
432,Contoso,Devon,NULL,Hernandez,Devon Hernandez,3431,6/4/1990
491,Contoso,Olga,Damond,Short,Olga Damond Short,3490,9/18/1992
562,Contoso,Lea,NULL,Vance,Lea Vance,3561,3/17/1982
687,Contoso,Neal,Thomas,Meyer,Neal Thomas Meyer,3686,6/8/1987
294,Contoso,Jared,NULL,Potts,Jared Potts,4293,6/6/1961
845,Contoso,Pamela,Desmond,Dixon,Pamela Desmond Dixon,4844,5/4/1993
961,Contoso,Alyssa,Gregg,Pittman,Alyssa Gregg Pittman,4960,11/20/1987
7,Contoso,Frank,Matt,Todd,Frank Matt Todd,5006,11/21/1984
162,Contoso,Elizabeth,Tim,Cochran,Elizabeth Tim Cochran,5161,11/21/1989
390,Contoso,Brendan,Anthony,Orr,Brendan Anthony Orr,5389,2/4/1988
471,Contoso,Ruby,NULL,Butler,Ruby Butler,5470,4/15/1981
695,Contoso,Traci,NULL,Strickland,Traci Strickland,5694,5/18/1988
739,Contoso,Chester,NULL,Duke,Chester Duke,5738,3/28/1963
841,Contoso,Kenya,Hugo,Small,Kenya Hugo Small,5840,9/7/1993
882,Contoso,Damien,NULL,Obrien,Damien Obrien,5881,12/23/1983
7,Contoso,Frank,Matt,Todd,Frank Matt Todd,6006,11/21/1984
86,Contoso,Jamal,NULL,Yates,Jamal Yates,6085,1/19/1994
241,Contoso,Maurice,German,Hickman,Maurice German Hickman,6240,5/30/1993
398,Contoso,Bryce,Dave,NULL,Bryce Dave NULL,6397,12/19/1997
472,Contoso,Katherine,Cary,Chan,Katherine Cary Chan,6471,5/3/1981
601,Contoso,Myra,Hector,Kline,Myra Hector Kline,6600,3/6/1987
771,Contoso,Abel,Judson,Patterson,Abel Judson Patterson,6770,2/3/1992
841,Contoso,Kenya,Hugo,Small,Kenya Hugo Small,6840,9/7/1993
971,Contoso,Sylvia,NULL,Wood,Sylvia Wood,6970,5/22/1990
979,Contoso,Jessie,NULL,Dunn,Jessie Dunn,6978,7/25/1955
445,Contoso,Bridget,NULL,Russo,Bridget Russo,7444,8/28/1992
565,Contoso,Shelia,NULL,Kelly,Shelia Kelly,7564,11/2/1989
741,Contoso,Allen,NULL,Gonzalez,Allen Gonzalez,7740,12/21/1994
800,Contoso,Shelby,Deangelo,Nelson,Shelby Deangelo Nelson,7799,11/16/1985
919,Contoso,Alan,NULL,Foley,Alan Foley,7918,1/6/1961
769,Contoso,Garry,NULL,Barton,Garry Barton,8768,12/27/1963
877,Contoso,Moses,NULL,Farmer,Moses Farmer,8876,1/11/1984
121,Contoso,Arturo,Aurelio,Baker,Arturo Aurelio Baker,9120,2/11/1981
474,Contoso,Whitney,Rodger,Stephenson,Whitney Rodger Stephenson,9473,5/30/1960
655,Contoso,Brandi,NULL,Galloway,Brandi Galloway,9654,7/30/1985
983,Contoso,Ruby,Derik,Griffith,Ruby Derik Griffith,9982,4/15/1997
