122,Contoso,Kent,NULL,Rubio,Kent Rubio,121,6/19/1992
574,Contoso,Jimmy,Dana,Burke,Jimmy Dana Burke,573,12/11/1957
30,Contoso,Elisa,NULL,Gomez,Elisa Gomez,1029,9/7/1990
544,Contoso,Brent,Avery,Gomez,Brent Avery Gomez,1543,4/10/1961
882,Contoso,Damien,NULL,Obrien,Damien Obrien,1881,12/23/1983
896,Contoso,Rosa,Tyler,Lynn,Rosa Tyler Lynn,1895,8/17/1995
947,Contoso,Lakeisha,NULL,Fuller,Lakeisha Fuller,1946,8/12/1988
153,Contoso,Clayton,Blair,Pitts,Clayton Blair Pitts,2152,7/11/1999
234,Contoso,Evan,NULL,Stone,Evan Stone,2233,7/5/1964
514,Contoso,Olivia,Ron,Bruce,Olivia Ron Bruce,2513,9/2/1961
582,Contoso,Ivan,NULL,Trujillo,Ivan Trujillo,2581,9/18/1982
793,Contoso,Shannon,Antonio,Solomon,Shannon Antonio Solomon,2792,9/20/1998
20,Contoso,Lara,NULL,Myers,Lara Myers,3019,4/8/1984
43,Contoso,Suzanne,Wade,White,Suzanne Wade White,3042,6/19/1999
78,Contoso,Allyson,Jeffry,Bradshaw,Allyson Jeffry Bradshaw,3077,3/16/1997
143,Contoso,Isabel,Rhett,Holland,Isabel Rhett Holland,3142,8/16/1998
165,Contoso,Dena,NULL,Hoffman,Dena Hoffman,3164,1/19/1992
175,Contoso,Clarissa,NULL,Lester,Clarissa Lester,3174,2/27/1985
272,Contoso,Corey,Gerard,Hinton,Corey Gerard Hinton,3271,4/3/1994
333,Contoso,Carl,NULL,Nixon,Carl Nixon,3332,9/23/1998
510,Contoso,Brandi,NULL,Zimmerman,Brandi Zimmerman,3509,2/17/1984
702,Contoso,Joanna,NULL,Mitchell,Joanna Mitchell,3701,9/11/1994
766,Contoso,Ramiro,NULL,Mercado,Ramiro Mercado,3765,1/15/1981
895,Contoso,Carey,Trent,Contreras,Carey Trent Contreras,3894,7/12/1988
270,Contoso,Garrett,NULL,Good,Garrett Good,4269,4/17/1993
693,Contoso,Lesley,NULL,Ritter,Lesley Ritter,4692,6/27/1997
839,Contoso,Kareem,Terrill,Thompson,Kareem Terrill Thompson,4838,2/28/1962
883,Contoso,Calvin,Efren,Charles,Calvin Efren Charles,4882,1/5/2000
954,Contoso,Jeanine,Vance,Holder,Jeanine Vance Holder,4953,10/27/1955
297,Contoso,Lorena,Jeremy,Hickman,Lorena Jeremy Hickman,5296,7/4/1983
317,Contoso,Aisha,NULL,Rivers,Aisha Rivers,5316,12/4/1985
444,Contoso,Owen,Esteban,Choi,Owen Esteban Choi,5443,2/19/1960
665,Contoso,Dina,NULL,Rocha,Dina Rocha,5664,7/4/1981
104,Contoso,Drew,Marion,Little,Drew Marion Little,6103,5/29/1957
157,Contoso,Erica,Sidney,Gardner,Erica Sidney Gardner,6156,8/11/1986
642,Contoso,Ramiro,Ron,Prince,Ramiro Ron Prince,6641,1/18/1994
996,Contoso,Sherman,NULL,Adams,Sherman Adams,6995,1/7/1982
357,Contoso,Bridgett,Kelley,Green,Bridgett Kelley Green,7356,8/5/1989
388,Contoso,Warren,NULL,Gonzalez,Warren Gonzalez,7387,1/1/1998
417,Contoso,Sidney,NULL,Tyler,Sidney Tyler,7416,6/9/1985
498,Contoso,Ricky,Giuseppe,Wilcox,Ricky Giuseppe Wilcox,7497,6/13/1999
814,Contoso,Miranda,NULL,Graham,Miranda Graham,7813,9/12/1959
51,Contoso,Irma,NULL,Rose,Irma Rose,8050,7/15/1984
604,Contoso,Margaret,Landon,Mc Millan,Margaret Landon Mc Millan,8603,3/12/1956
859,Contoso,Melvin,NULL,Ward,Melvin Ward,8858,2/1/1952
906,Contoso,Albert,Riley,Donaldson,Albert Riley Donaldson,8905,7/7/1992
541,Contoso,Caroline,Antwon,Farmer,Caroline Antwon Farmer,9540,2/18/1994
835,Contoso,Marlon,Donte,Wise,Marlon Donte Wise,9834,1/2/1986
855,Contoso,Carey,NULL,Massey,Carey Massey,9854,11/18/1989
878,Contoso,Ericka,NULL,Sherman,Ericka Sherman,9877,12/4/1997
