81,Contoso,Keri,NULL,Shaffer,Keri Shaffer,80,5/30/1981
812,Contoso,Corey,NULL,Calderon,Corey Calderon,811,4/30/1986
176,Contoso,Brett,NULL,Costa,Brett Costa,1175,7/18/1985
308,Contoso,Shelley,NULL,Strickland,Shelley Strickland,1307,6/5/1999
331,Contoso,Lloyd,Pete,Krause,Lloyd Pete Krause,1330,4/22/1994
672,Contoso,Sabrina,Felix,Bird,Sabrina Felix Bird,1671,9/18/1982
851,Contoso,Cherie,Michelle,Shelton,Cherie Michelle Shelton,1850,3/1/1985
293,Contoso,Megan,NULL,Watson,Megan Watson,2292,4/17/1997
296,Contoso,Tyler,NULL,Horne,Tyler Horne,2295,11/3/1990
332,Contoso,April,Bradford,Marshall,April Bradford Marshall,2331,1/6/1981
698,Contoso,Kristi,Keenan,Mc Millan,Kristi Keenan Mc Millan,2697,7/20/1997
24,Contoso,Kim,NULL,Hawkins,Kim Hawkins,3023,11/7/1963
29,Contoso,Connie,Joaquin,Noble,Connie Joaquin Noble,3028,6/29/1950
322,Contoso,Clifford,Emmett,Cox,Clifford Emmett Cox,3321,3/5/1993
361,Contoso,Teddy,Laurence,Gonzalez,Teddy Laurence Gonzalez,3360,2/4/1988
363,Contoso,Dwight,NULL,Hebert,Dwight Hebert,3362,12/8/1998
367,Contoso,Ryan,NULL,Fisher,Ryan Fisher,3366,1/3/1984
452,Contoso,Esteban,Dylan,Summers,Esteban Dylan Summers,3451,8/5/1988
644,Contoso,Toby,Stewart,Alvarado,Toby Stewart Alvarado,3643,4/28/1960
752,Contoso,Eugene,NULL,Marquez,Eugene Marquez,3751,10/23/1983
993,Contoso,Carey,NULL,Blair,Carey Blair,3992,5/4/1999
111,Contoso,Amanda,Mathew,Watts,Amanda Mathew Watts,4110,11/26/1991
209,Contoso,Sherman,Angelo,Hinton,Sherman Angelo Hinton,4208,6/15/1955
334,Contoso,Heather,NULL,Hutchinson,Heather Hutchinson,4333,5/4/1951
388,Contoso,Warren,NULL,Gonzalez,Warren Gonzalez,4387,1/1/1998
715,Contoso,Wanda,NULL,Barron,Wanda Barron,4714,4/16/1984
850,Contoso,Shonda,NULL,Kramer,Shonda Kramer,4849,11/12/1989
41,Contoso,Sonja,NULL,Pearson,Sonja Pearson,5040,7/18/1991
283,Contoso,Olga,NULL,Sanchez,Olga Sanchez,5282,3/3/1997
458,Contoso,Chrystal,Ian,Braun,Chrystal Ian Braun,5457,9/15/1997
462,Contoso,Bridgette,NULL,Collins,Bridgette Collins,5461,7/30/1994
562,Contoso,Lea,NULL,Vance,Lea Vance,5561,3/17/1982
679,Contoso,Jay,NULL,Frank,Jay Frank,5678,9/8/1956
852,Contoso,Hope,Leif,Choi,Hope Leif Choi,5851,6/11/1994
884,Contoso,Samuel,Walter,Huynh,Samuel Walter Huynh,5883,12/27/1956
193,Contoso,Norma,Fabian,Hodge,Norma Fabian Hodge,6192,9/25/1999
222,Contoso,Serena,Morris,Hayden,Serena Morris Hayden,6221,2/5/1988
489,Contoso,Levi,Leif,Campos,Levi Leif Campos,6488,3/8/1957
537,Contoso,Faith,NULL,Baldwin,Faith Baldwin,6536,1/22/1981
768,Contoso,Natasha,Silas,Johns,Natasha Silas Johns,6767,8/1/1997
40,Contoso,Toby,NULL,Andersen,Toby Andersen,7039,1/25/1985
70,Contoso,Marc,Tarik,Nicholson,Marc Tarik Nicholson,7069,9/17/1992
292,Contoso,Paula,NULL,Cardenas,Paula Cardenas,7291,4/12/1985
413,Contoso,Marilyn,Gustavo,O'Connell,Marilyn Gustavo O'Connell,7412,4/27/1998
422,Contoso,Diane,NULL,Huff,Diane Huff,7421,11/18/1993
25,Contoso,Margaret,Bradford,Garrison,Margaret Bradford Garrison,8024,10/28/1985
229,Contoso,Tasha,Tobin,Sanders,Tasha Tobin Sanders,8228,7/8/1957
247,Contoso,Randi,NULL,Morrow,Randi Morrow,8246,2/24/1986
328,Contoso,Scot,NULL,Soto,Scot Soto,8327,7/15/1999
345,Contoso,Blanca,Tyrone,Mooney,Blanca Tyrone Mooney,8344,3/4/1992
349,Contoso,Shana,NULL,Haynes,Shana Haynes,8348,2/26/1954
533,Contoso,Jayson,Ashley,Guerra,Jayson Ashley Guerra,8532,1/15/1999
690,Contoso,Jessica,NULL,Russo,Jessica Russo,8689,7/20/1991
721,Contoso,Tom,Johnnie,Meza,Tom Johnnie Meza,8720,4/7/1986
262,Contoso,Ben,Lon,Kaufman,Ben Lon Kaufman,9261,11/2/1988
615,Contoso,Celeste,Jan,Gallagher,Celeste Jan Gallagher,9614,7/10/1983
760,Contoso,Nicholas,Roderick,Guerra,Nicholas Roderick Guerra,9759,7/1/1988
944,Contoso,Orlando,NULL,Kaufman,Orlando Kaufman,9943,11/20/1950
