140,Contoso,Mia,Korey,Love,Mia Korey Love,139,8/24/1981
634,Contoso,Elena,Dominique,Mckay,Elena Dominique Mckay,633,3/23/1962
106,Contoso,Wayne,NULL,Fisher,Wayne Fisher,1105,9/19/1981
242,Contoso,Allison,Ashley,Chan,Allison Ashley Chan,1241,11/5/1993
443,Contoso,Claire,Lonny,Mc Intyre,Claire Lonny Mc Intyre,1442,2/10/1998
551,Contoso,Randolph,NULL,Stout,Randolph Stout,1550,11/15/1987
568,Contoso,Benny,NULL,Acevedo,Benny Acevedo,1567,12/12/1997
687,Contoso,Neal,Thomas,Meyer,Neal Thomas Meyer,1686,6/8/1987
835,Contoso,Marlon,Donte,Wise,Marlon Donte Wise,1834,1/2/1986
937,Contoso,Heather,NULL,Newton,Heather Newton,1936,6/17/1994
261,Contoso,Whitney,Ted,Cantrell,Whitney Ted Cantrell,2260,4/2/1995
496,Contoso,Philip,Ron,English,Philip Ron English,2495,7/12/1993
778,Contoso,Rodolfo,Desmond,Molina,Rodolfo Desmond Molina,2777,5/10/1998
893,Contoso,Mark,Antione,Li,Mark Antione Li,2892,10/12/1998
50,Contoso,Alyssa,NULL,NULL,Alyssa NULL,3049,4/12/1983
174,Contoso,Blake,NULL,Nixon,Blake Nixon,3173,10/3/1963
235,Contoso,Casey,Zane,Glenn,Casey Zane Glenn,3234,6/1/1988
421,Contoso,Ronald,NULL,Schroeder,Ronald Schroeder,3420,12/2/1981
606,Contoso,Latisha,Chadd,Daugherty,Latisha Chadd Daugherty,3605,10/29/1992
751,Contoso,Norma,Joel,Herman,Norma Joel Herman,3750,9/10/1987
829,Contoso,Nikki,NULL,Williamson,Nikki Williamson,3828,7/16/1955
288,Contoso,Bridget,Augustine,Hernandez,Bridget Augustine Hernandez,4287,7/2/1997
449,Contoso,Earnest,Lenny,Neal,Earnest Lenny Neal,4448,3/13/1960
574,Contoso,Jimmy,Dana,Burke,Jimmy Dana Burke,4573,12/11/1957
799,Contoso,Colby,Dylan,Pitts,Colby Dylan Pitts,4798,8/27/1964
807,Contoso,Clifford,Coy,Fernandez,Clifford Coy Fernandez,4806,4/25/1985
812,Contoso,Corey,NULL,Calderon,Corey Calderon,4811,4/30/1986
865,Contoso,Darius,NULL,Moses,Darius Moses,4864,5/13/1988
71,Contoso,Celeste,Rickie,Fleming,Celeste Rickie Fleming,5070,2/23/1987
165,Contoso,Dena,NULL,Hoffman,Dena Hoffman,5164,1/19/1992
233,Contoso,Holly,NULL,Roman,Holly Roman,5232,12/18/1997
464,Contoso,Misti,Stephen,Hoffman,Misti Stephen Hoffman,5463,10/19/1961
880,Contoso,Lewis,Marcel,Salazar,Lewis Marcel Salazar,5879,1/1/1981
953,Contoso,Manuel,Kelly,Small,Manuel Kelly Small,5952,1/5/2000
313,Contoso,Vernon,NULL,David,Vernon David,6312,11/24/1998
458,Contoso,Chrystal,Ian,Braun,Chrystal Ian Braun,6457,9/15/1997
826,Contoso,Jill,Norman,Campos,Jill Norman Campos,6825,12/13/1989
870,Contoso,Chester,Beau,Keith,Chester Beau Keith,6869,4/21/1987
256,Contoso,Wanda,Deshawn,Flores,Wanda Deshawn Flores,7255,12/8/1993
412,Contoso,Shauna,Rocco,Bowers,Shauna Rocco Bowers,7411,4/10/1987
464,Contoso,Misti,Stephen,Hoffman,Misti Stephen Hoffman,7463,10/19/1961
494,Contoso,Julian,NULL,Price,Julian Price,7493,12/26/1954
911,Contoso,Nicolas,Donovan,Webb,Nicolas Donovan Webb,7910,2/5/1988
78,Contoso,Allyson,Jeffry,Bradshaw,Allyson Jeffry Bradshaw,8077,3/16/1997
193,Contoso,Norma,Fabian,Hodge,Norma Fabian Hodge,8192,9/25/1999
270,Contoso,Garrett,NULL,Good,Garrett Good,8269,4/17/1993
587,Contoso,Leonardo,Jefferson,Cherry,Leonardo Jefferson Cherry,8586,2/16/1987
839,Contoso,Kareem,Terrill,Thompson,Kareem Terrill Thompson,9838,2/28/1962
877,Contoso,Moses,NULL,Farmer,Moses Farmer,9876,1/11/1984
